context,question,answer_text
"कॉमिक्स (अंग्रेजी; Comics/शब्दार्थ; चित्रकथा) एक माध्यम है जहाँ विचारों को व्यक्त करने के लिए सामान्य पाठ्यक्रम के अपेक्षा चित्रों, एवं बहुधा शब्दों के मिश्रण तथा अन्य चित्रित सूचनाओं की सहायता से पढ़ा जाता है। काॅमिक्सों में निरंतर किसी भी विशिष्ट भंगिमाओं एवं दृश्यों को चित्रों के पैनल द्वारा जाहिर किया जाता रहा है। अक्सर शाब्दिक युक्तियों को स्पीच बैलुनों, अनुशीर्षकों (कैप्शन), एवं अर्थानुरणन जिनमें संवाद, वृतांत, ध्वनि प्रभाव एवं अन्य सूचनाओं को भी इनसे व्यक्त करते हैं। चित्रित पैनलों के आकार एवं उनकी व्यवस्थित संयोजन से कहानी को व्याख्यान करने से पढ़ना सरल हो जाता है। कार्टूनिंग एवं उनके ही अनुरूप किया गया इल्सट्रैशन द्वारा चित्र बनाना काॅमिक्स का सामान्यतः अनिवार्य अंग रहा है; फ्युमेटी एक विशेष फाॅर्म या शैली हैं जिनमें पहले से खिंची फोटोग्राफिक चित्रों का इस्तेमाल कर काॅमिक्स का रूप दिया जाता है। सामान्य फाॅर्मों में काॅमिक्स को हम काॅमिक्स स्ट्रिप (पट्टी या कतरनों), संपादकीय या गैग (झुठे) कार्टूनों तथा काॅमिक्स पुस्तकों द्वारा पढ़ा करते हैं। वहीं गत २०वीं शताब्दी तक, अपने सीमित संस्करणों जैसे ग्राफिक उपन्यासों, काॅमिक्स एलबम, और टैंकोबाॅन के रूप में इसने सामान्यतया काफी उन्नति पायी है और अब २१वीं सदी में ऑनलाइन वेबकाॅमिक्स के तौर पर भी काफी कामयाब साबित हुई है।
काॅमिक्स इतिहास का विविध विकास भी सांस्कृतिक विविधता की देन है। बुद्धिजीवी मानते है कि इस तरह की शुरुआत हम प्रागैतिहासिक युग के लैस्काउक्स की गुफा चित्रों से अंदाजा लगा सकते हैं। वहीं २०वीं के मध्य तक, काॅमिक्स का विस्तार संयुक्त राष्ट्र अमेरिका, पश्चिमी युरोपीय प्रांतों (विशेषकर फ्रांस एवं बेल्जियम), और जापान में खूब निखार आया। युरोपीय काॅमिक्स के इतिहास में गौर करें तो १८३० में रुडोल्फ टाॅप्फेर की बनाई कार्टून स्ट्रिप काफी लोकप्रिय थे, जो आगे चलकर उनकी बनाई द एडवेंचर ऑफ टिनटिन १९३० तक स्ट्रिप एवं पुस्तक के रूप काफी कामयाब रही थी। अमेरिकी काॅमिक्स ने सार्वजनिक माध्यम पाने के लिए २०वीं के पूर्व तक अखबारों के काॅमिक्स स्ट्रिप द्वारा पैठ जमाई; पत्रिका-शैली की काॅमिक्स पुस्तकें भी १९३० में प्रकाशित होने लगी, और १९३८ में सुपरमैन जैसे प्रख्यात किरदार के आगमन बाद सुपरहीरो पीढ़ी का एक नया दौर उदय हुआ। वहीं जापानी काॅमिक्स या कार्टूनिंग (मैंगा) का मूल इतिहास तो १२वीं शताब्दी के पूर्वाद्ध से भी पुराना है। जापान में आधुनिक काॅमिक्स स्ट्रिप का उदय २०वीं में ही हुआ, और काॅमिक्स पत्रिकाओं एवं पुस्तकों का भारी उत्पादन भी द्वितीय विश्वयुद्ध के दौरान हुआ जिसमें ओसामु तेज़ुका जैसे कार्टूनिस्टों को काफी शोहरत दिलाई। हालाँकि काॅमिक्स का इतिहास तब तक दोयम दर्जे के रूप में जाना जाता रहा था, लेकिन २०वीं सदी के अंत तक आते-आते जनता तथा शैक्षिक संस्थाओं ने जैसे इसे तहे दिल से स्वीकृति दे दी।
वहीं ""काॅमिक्स"" अंग्रेजी परिभाषा में एकवचन संज्ञा के तौर पर देखा जाता है जब इसका तात्पर्य किसी मध्यम और बहुवचन को विशेष उदाहरणों व घटनाओं को, व्यक्तिगत स्ट्रिपों अथवा काॅमिक्स पुस्तकों के जरीए प्रस्तुत किया जाता है। यद्यपि अन्य परिभाषा इन हास्यकारक (या काॅमिक) जैसे कार्य पूर्व अमेरिकी अखबारों के काॅमिक्स स्ट्रिपों पर प्रबल रूप से प्रयोग होता था, पर जल्द इसने गैर-हास्य जैसे मापदंडों का भी निर्माण कर लिया। अंग्रेजी में सामान्य तौर पर काॅमिक्स के उल्लेख की तरह ही विभिन्न संस्कृतियों में भी उनकी मूल भाषाओं में उपयोग होता रहा है, जैसे जापानी काॅमिक्स को मैन्गा, एवं फ्रेंच भाषा की काॅमिक्सों को बैन्डिस डेसीनीस कहा जाता हैं। लेकिन अभी तक काॅमिक्स की सही परिभाषा को लेकर विचारकों तथा इतिहासकारों के मध्य आम सहमति नहीं बनी है; कुछेक अपने तर्क पर बल देते हैं कि यह चित्रों एवं शब्दों का संयोजन हैं, कुछ इसे अन्य चित्रों से संबंधित या क्रमबद्ध चित्रों की कहानी कहते है, और कुछ अन्य इतिहासकार स्वीकारते है यह किसी व्यापक पैमाने के पुनरुत्पादन की तरह है जिसमें किसी विशेष पात्र की निरंतर आवृति होती रहती है। विभिन्न काॅमिक्स संस्कृति एवं युग द्वारा बढ़ते इस मिश्रित-परागण से इसकी व्याख्या देना भी अब काफी जटिल हो चुका है।
उद्गम Examples of early comics
Manga
Hokusai, early 19th century
Histoire de Monsieur Cryptogame
Rodolphe Töpffer, 1830
Ally Sloper in Some of the Mysteries of Loan and Discount
Charles Henry Ross, 1867
The Yellow Kid
R. F. Outcault, 1898
युरोपियन, अमेरिकी तथा जापानी काॅमिक्स की परंपराएँ विभिन्न मार्गों से होकर गुजरी हैं।[1] जैसे युरोपियन परंपरा की शुरुआत स्विस रोडोल्फे टाॅप्फेर के साथ 1827 से देखी जा सकती है और वहीं अमेरिकीयों द्वारा इसकी उद्गम को रिचर्ड आउटकाउल्ट द्वारा 1890 के अखबार के स्ट्रिप में प्रकाशित द येलो किड के जरिए देख सकते हैं, हालाँकि ज्यादातर अमेरिकी, टाॅप्फेर को ही इसे लाने की तरजीह देते रहे हैं।[1] जापान में इस तरह के व्यंग्यात्मक कार्टूनों का एक लंबा प्रागैतिहासकाल रहा है तथा द्वितीय विश्वयुद्ध के साथ काॅमिक्सों का युग रचा गया था। युकियो-ए आर्टिस्ट होकुसाई ने जापानी शैली में बने काॅमिक्स तथा मैंगा, कार्टून, 19वीं शताब्दी से काफी पहले लोकप्रिय हुआ करते थे।[3] वहीं युद्ध के दौरान आए आधुनिक युग से जापानी काॅमिक्स का विकास शुरू होने लगा जब ओसामु तेज़ुका ने इसके फलदायी कार्य के निर्माण का हिस्सा बने।[4] 20वीं शताब्दी के आखिरी पड़ाव तक, यह तीन भिन्न परंपराओं ने एकसाथ ही काॅमिक्स को किताब की शक्ल में झुकाव दिया:जैसे युरोप में काॅमिक्स एलबम, जापान में द तैंकोबोन[a], और अंग्रेज़ी भाषी देशों में ग्राफिक नाॅवेल।[1] वहीं बाह्य तौर पर काॅमिक्स को लेकर वंशवालियों, काॅमिक्स विचारकों एवं इतिहासकारों ने इसे लैस्काउक्स के गुफा चित्रों की प्रेरणा का उदाहरण देते हैं[5] जैसा कि फ्रांस में (कुछ इन्हें तस्वीरों की कालक्रमिक दृश्यों के प्रभावों को बताते हैं), मिश्र के चित्र-लिपियों, रोम में ट्राजन के स्तंभ,[6] 11वीं शताब्दी की नाॅर्मैन बेयेक्स टैपेस्ट्री,[7] के बनाए 1370 बोइस प्रोटेट की वुडकट्स, 15वीं शताब्दी की अर्स मोरिएन्दी और ब्लाॅक बुक्स, माइकलेंजलो की द सिस्टाइन चैपल में रचित द लास्ट जजमेंट,[6] और विलियम होगार्थ की 17वीं शताब्दी में बनी सिलसिलेवार नक्काशी,[8] तथा बीच में ऐसे अन्य कई उदाहरण।[6][b]
अंतरराष्ट्रीय काॅमिक्स प्रकाशक एवं उनके काॅमिक्स पात्र
डीसी काॅमिक्स
बैटमैन सुपरमैन इमेज काॅमिक्स
किंग फीचर्स सिंडीकेट
फ्लैश गाॅर्डन ही-मैन जादूगर मैण्ड्रेक द फैण्टम
रिप किर्बी मार्वल काॅमिक्स
आयरन-मैन कैप्टन अमेरिका स्पाइडर-मैन ब्लैक पैंथर
डार्क हाॅर्स काॅमिक्स
टार्ज़न
जापानी कॉमिक्स देखिये: माँगा (en:Manga)
ड्रैगन बॉल
नारुतो
डिटेकटिव् कोनन
डोरेमोन – एक प्रसिद्ध जापानी कामिक्स पात्र
भारतीय कॉमिक्स भारतीय काॅमिक्स के प्रमुख प्रकाशन कंपनियों एवं उनके लोकप्रिय पात्रों की निम्नलिखित सूची। अमर चित्र कथाएँ
डायमण्ड काॅमिक्स
चाचा चौधरी - प्राण बिल्लू - प्राण पिंकी - प्राण
रमन - प्राण
महाबली शाका
ताऊ जी - नीरद वर्मा दुर्गा काॅमिक्स
इन्द्रजाल काॅमिक्स
नूतन काॅमिक्स
मनोज काॅमिक्स
परम्परा काॅमिक्स
फोर्ट काॅमिक्स
याली ड्रिम क्रिएशन
राज काॅमिक्स
नागराज - संजय गुप्ता अनुपम सिन्हा सुपर कमाण्डो ध्रुव - संजय गुप्ता
डोगा
भोकाल
तिलिस्मदेव
अश्वराज
शुक्राल
प्रचण्डा
परमाणु इंस्पेक्टर स्टील
गगन-विनाशदूत
बांकेलाल - बेदी
ग़मराज
फाईटर टोड्स
ऑलराउंडर वक्र
राधा काॅमिक्स
तुलसी काॅमिक्स
अंगारा
नताशा - देवांशु वत्स
कोरियाई कॉमिक्स
नोब्लेस
श्रेणी:मनोरंजन
श्रेणी:कॉमिक्स",काॅमिक्स इतिहास का विविध विकास भी किस विविधता की देन है?,सांस्कृतिक
"एवरेस्ट पर्वत (नेपाली:सागरमाथा, संस्कृत: देवगिरि) दुनिया का सबसे ऊँचा पर्वत शिखर है, जिसकी ऊँचाई 8,850 मीटर है। पहले इसे XV के नाम से जाना जाता था। माउंट एवरेस्ट की ऊँचाई उस समय 29,002 फीट या 8,840 मीटर मापी गई। वैज्ञानिक सर्वेक्षणों में कहा जाता है कि इसकी ऊंचाई प्रतिवर्ष 2 से॰मी॰ के हिसाब से बढ़ रही है। नेपाल में इसे स्थानीय लोग सागरमाथा (अर्थात स्वर्ग का शीर्ष) नाम से जानते हैं, जो नाम नेपाल के इतिहासविद बाबुराम आचार्य ने सन् 1930 के दशक में रखा था - आकाश का भाल। तिब्बत में इसे सदियों से चोमोलंगमा अर्थात पर्वतों की रानी के नाम से जाना जाता है।
सर्वे ऑफ नेपाल द्वारा प्रकाशित, (1:50,000 के स्केल पर 57 मैप सेट में से 50वां मैप) “फर्स्ट जॉईन्ट इन्सपेक्सन सर्वे सन् 1979-80, नेपाल-चीन सीमा के मुख्य पाठ्य के साथ अटैच” पृष्ठ पर ऊपर की ओर बीच में, लिखा है, सीमा रेखा, की पहचान की गई है जो चीन और नेपाल को अलग करते हैं, जो ठीक शिखर से होकर गुजरता है। यह यहाँ सीमा का काम करता है और चीन-नेपाल सीमा पर मुख्य हिमालयी जलसंभर विभाजित होकर दोनो तरफ बहता है।
सर्वोच्च शिखर की पहचान विश्व के सर्वोच्च पर्वतों को निर्धारित करने के लिए सन् 1808 में ब्रिटिशों ने भारत का महान त्रिकोणमितीय सर्वे को शुरु किया। दक्षिणी भारत से शुरु कर, सर्वे टीम उत्तर की ओर बढ़ी, जो विशाल 500 कि॰ग्रा॰ (1,100lb) का विकोणमान (थियोडोलाइट)(एक को उठाकर ले जाने के लिए 12 आदमी लगते थें) का इस्तेमाल करते थे जिससे सम्भवत: सही माप लिया जा सके। वे हिमालय के नजदीक पहाड़ो के पास पहुँचे सन् 1830 में, पर नेपाल अंग्रेजों को देश में घुसने देने के प्रति अनिच्छुक था क्योंकि नेपाल को राजनैतिक और सम्भावित आक्रमण का डर था। सर्वेयर द्वारा कई अनुरोध किये गये पर नेपाल ने सारे अनुरोध ठुकरा दिये। ब्रिटिशों को तराई से अवलोकन जारी रखने के लिए मजबूर किया गया, नेपाल के दक्षिण में एक क्षेत्र है जो हिमालय के समानान्तर में है।
तेज बर्षा और मलेरिया के कारण तराई में स्थिति बहुत कठिन थी: तीन सर्वे अधिकारी मलेरिया के कारण मारे गये जबकि खराब स्वास्थ्य के कारण दो को अवकाश मिल गया। फिर भी, सन् 1847 में, ब्रिटिश मजबूर हुए और अवलोकन स्टेशन से लेकर 240 किलोमीटर (150mi) दूर तक से हिमालय कि शिखरों कि विस्तार से अवलोकन करने लगे। मौसम ने साल के अन्त में काम को तीन महिने तक रोके रखा। सन् 1847 के नवम्बर में, भारत के ब्रिटिश सर्वेयर जेनरल एन्ड्रयु वॉग ने सवाईपुर स्टेशन जो हिमालय के पुर्वी छोर पर स्थित है से कई सारे अवलोकन तैयार किये। उस समय कंचनजंघा को विश्व कि सबसे ऊँची चोटी मानी गई और उसने रुचीपुर्वक नोट किया कि, इस के पीछे भी लगभग 230 किमी (140mi) दूर एक चोटी है। जौन आर्मस्ट्रांग, जो वॉग के सह अधिकारी थें ने भी एक जगह से दूर पश्चिम में इस चोटी को देखा जिसे उन्होने नाम दिया चोटी ‘बी’(peak b)। वॉग ने बाद में लिखा कि अवलोकन दर्शाता है कि चोटी ‘बी’ कंचनजंघा से ऊँचा था, लेकिन अवलोकन बहुत दूर से हुआ था, सत्यापन के लिए नजदीक से अवलोकन करना जरुरी है। आने वाले साल में वॉग ने एक सर्वे अधिकारी को तराई में चोटी ‘बी’ को नजदिक से अवलोकन करने के लिए भेजा पर बादलों ने सारे प्रयास को रोक दिया। सन् 1849 में वॉग ने वह क्षेत्र जेम्स निकोलसन को सौंप दिया। निकोलसन ने 190 (120mi) कि॰मी॰ दूर जिरोल से दो अवलोकन तैयार किये। निकोलसन तब अपने साथ बड़ा विकोणमान लाया और पूरब की ओर घुमा दिया, पाँच अलग स्थानों से निकोलसन ने चोटी के सबसे नजदीक 174 कि॰मी॰ (108mi) दूर से 30 से भी अधिक अवलोकन प्राप्त किये।
अपने अवलोकनों पर आधारित कुछ हिसाब-किताब करने के लिए निकोलसन वापस पटना, गंगा नदी के पास गया। पटना में उसके कच्चे हिसाब ने चोटी ‘बी’ कि औसत ऊँचाई 9,200 मी॰ (30,200ft) दिया, लेकिन यह प्रकाश अपवर्तन नहीं समझा जाता है, जो ऊँचाई को गलत बयान करता है। संख्या साफ दर्शाया गया, यद्यपि वह चोटी ‘बी’ कंचनजंघा से ऊँचा था। यद्यपि, निकोलसन को मलेरिया हो गया और उसे घर लौट जाने के लिए विवश किया गया, हिसाब-किताब खत्म नहीं हो पाया। माईकल हेनेसी, वॉग का एक सहायक रोमन संख्या के आधार पर चोटीयों को निर्दिष्ट करना शुरु कर दिया, उसने कंचनजंघा को IX नाम दिया और चोटि ‘बी’ को XV नाम दिया।
सन् 1852 मई सर्वे का केन्द्र देहरादून में लाया गया, एक भारतीय गणितज्ञ राधानाथ सिकदर और बंगाल के सर्वेक्षक ने निकोलसन के नाप पर आधारित त्रिकोणमितीय हिसाब-किताब का प्रयोग कर पहली बार विश्व के सबसे ऊँची चोटी का नाम एक पूर्व प्रमुख के नाम पर एवरेस्ट दिया, सत्यापन करने के लिए बार-बार हिसाब-किताब होता रहा और इसका कार्यालयी उदघोष, कि XV सबसे ऊँचा है, कई सालों तक लेट हो गया।
वॉग ने निकोलस के डाटा पर सन् 1854 में काम शुरु कर दिया और हिसाब-किताब, प्रकाश अपवर्तन के लेन-देन, वायु-दाब, अवलोकन के विशाल दूरी के तापमान पर अपने कर्मचारियों के साथ लगभग दो साल काम किया। सन् 1856 के मार्च में उसने पत्र के माध्यम से कलकत्ता में अपने प्रतिनिधी को अपनी खोज का पूरी तरह से उदघोष कर दिया। कंचनजंघा की ऊँचाई साफ तौर पर 28,156 फीट (8,582 मी॰) बताया गया, जबकि XV कि ऊँचाई (8,850 मी॰) बताई गई। वॉग ने XV के बारे में निष्कर्ष निकाला कि “अधिक सम्भव है कि यह विश्व में सबसे ऊँचा है”। चोटी XV (फिट में) का हिसाब-किताब लगाया गया कि यह पुरी तरह से 29,000 फिट (8,839.2 मी॰) ऊँचा है, पर इसे सार्वजनिक रूप में 29,002 फीट (8,839.8 मी॰) बताया गया। 29,000 को अनुमान लगाकर 'राउंड' किया गया है इस अवधारणा से बचने के लिए 2 फीट अधिक जोड़ा दिया गया था।
देखें हिमालय
भूगोल
सन्दर्भ श्रेणी:हिमालय
श्रेणी:पृथ्वी के चरम स्थान
श्रेणी:आठ हज़ारी
श्रेणी:सप्तचोटी
*",किस हिमालय चोटी को सागरमाथा कहते हैं?,एवरेस्ट पर्वत
"टिम बर्नर्स ली (जन्म: 8 जून, 1955) विश्व व्यापी वेब के आविष्कारक, विश्व व्यापी वेब संघ के वर्तमान निर्देशक और एक शोधकर्त्ता है।
जन्म एवं शिक्षा टिम बर्नर्स् ली का जन्म 8 जून, 1955 को इंगलैंड में हुआ था। माता पिता दोनो गणितज्ञ थे। कहा जाता है कि उन्होने टिम को गणित हर जगह, यहां तक कि खाने की मेज पर भी बतायी।
टिम ने अपनी उच्च शिक्षा क्वींस कॉलेज, ऑक्सफ़ोर्ड विश्वविद्यालय से पूरी की। विश्वविद्यालय में उन्हें अपने मित्र के साथ हैकिंग करते हुऐ पकड़ लिया गया था। इसलिये उन्हें विश्वविद्यालय कंप्यूटर का प्रयोग करने से मना कर दिया गया। 1976 में, उन्होने विश्विद्यालय से भौतिक शास्त्र में डिग्री प्राप्त की।
वेब तकनीक - आविष्कार सर्न (en:CERN) यूरोपियन देशों की नाभकीय प्रयोगशाला है। टिम 1984 से वहीं फेलो के रूप में काम करने लग गये। वहां हर तरह के कंप्यूटर थे जिन पर अलग अलग के फॉरमैट पर सूचना रखी जाती थी। टिम का मुख्य काम था कि वे सूचनाये एक कंप्यूटर से दूसरे पर आसानी से जा सकें। उन्हे लगा कि क्या कोई तरीका हो सकता है कि इन सब सुचनाओं को इस तरह से पिरोया जाय कि ऐसा लगे कि वे एक जगह ही हैं। बस इसी का हल सोचते सोचते, उन्होने वेब तकनीक का अविष्कार किया और दुनिया का पहला वेब पेज 6 अगस्त 1991 को सर्न में बना। निहःसन्देह यह तकनीक, 21वीं शताब्दी की सबसे लोकप्रिय संपर्क साधन है।
टिम ने इस तकनीक का आविष्कार किया जब वे सर्न में काम कर रहे थे और यह सर्न की बौद्घिक संपदा थी। 30 अप्रैल 1993 को, टिम के कहने पर सर्न ने इस तकनीक को मुक्त कर दिया। अब इसे दुनिया के लिए न केवल मुफ्त, पर मुक्त रूप से उपलब्ध है। इसके लिए किसी को, कोई भी फीस नहीं देनी पड़ती है। यह निर्णय न केवल महत्वपूर्ण था पर इंटरनेट के शुरवाती दौर के निर्णयो के अनुरूप था जो हर तकनीक को मुफ्त व मुक्त रूप से उपलब्ध कराने के लिये कटिबद्ध थे।
टिम, बाद में अमेरिका चले गये। 1994 में उन्होने, मैसाचुसेटस् इंस्टिट्युट ऑफ टेकनॉलोजी में विश्व व्यापी वेब संघ (W3C) की स्थापना की। यह वेब के मानकीकरण में कार्यरत है।
सम्मान टिम बर्नर्स् ली को, 2001 में, रॉयल सोसायटी का सदस्य बनाया गया। 2004 में नाईटहुड की उपाधि दी गयी थी। 13 जून 2007 को, ऑर्डर ऑफ मेरिट, इंगलैंड के सबसे महत्वपूर्ण सम्मान से सम्मानित किया गया। यह सम्मान महारानी द्वारा कला, विज्ञान के क्षेत्र में महत्वपूर्ण योगदान के लिये दिया जाता है। इसी लिये टाइम पत्रिका ने उन्हें, 20वीं शताब्दी के 100 महान वैज्ञानिकों और विचारकों में चुना है।
स्रोत्र श्रेणी:व्यक्तिगत जीवन
श्रेणी:कंप्यूटर वैज्ञानिक",टिम बर्नर्स् ली ने अपनी उच्च शिक्षा किस विश्वविद्यालय से प्राप्त की?,ऑक्सफ़ोर्ड
"लौकी (वानस्पतिक नाम: Lagenaria siceraria) एक सब्जी है। वैकल्पिक नाम 'लउका' या 'कद्दू' है। मोटापा कम करने के लिए इसके रस का प्रयोग किया जाता है। आकार के अनुसार लौकी मुख्यतः दो प्रकार की होती है- लम्बी बेलनाकार लौकी तथा गोल लौकी।
इन्हें भी देखें
कद्दू
पेठा (सब्जी)
बाहरी कड़ियाँ
(उत्तम कृषि)
(भास्कर)
(शुचि की रसोई)
श्रेणी:सब्ज़ी",लौकी सब्ज़ी का वैज्ञानिक नाम क्या है?,Lagenaria siceraria
"मानव शरीर रचना विज्ञान में, आंत (या अंतड़ी) आहार नली का हिस्सा होती है जो पेट से गुदा तक फैली होती है, तथा मनुष्य और अन्य स्तनधारियों में, यह दो भागों में, छोटी आंत और बड़ी आंत के रूप में होती है। मनुष्यों में, छोटी आंत को आगे फिर पाचनांत्र, मध्यांत्र और क्षुद्रांत्र में विभाजित किया गया है, जबकि बड़ी आंत को अंधात्र और बृहदान्त्र में विभाजित किया गया है।[1]
संरचना और कार्य संरचना और कार्य दोनों को संपूर्ण शारीरिक रचना विज्ञान के रूप में और अतिसूक्ष्म स्तर के रूप में वर्णित किया जा सकता है। आंत्र क्षेत्र को मोटे तौर पर दो अलग-अलग भागों, छोटी और बड़ी आंत में विभाजित किया जा सकता है। एक वयस्क व्यक्ति में भूरे- बैंगनी रंग की छोटी आंत का व्यास लगभग 35 मिलीमीटर (1.5 इंच) और औसत लंबाई 6 से 7 मीटर (20-23 फुट) होती है। गहरे लाल रंग की बड़ी आंत छोटी और अपेक्षाकृत मोटी होती है, जिसकी लंबाई औसत रूप से लगभग 1.5 मीटर (5 फुट) होती है।[2]
आकार और उम्र के अनुसार व्यक्तियों में अलग अलग आकार की आंतें होंगी.
ल्यूमेन (अवकाशिका) वह गुहा है जहां से पचा हुआ भोजन गुजरता है तथा जहां से पोषक तत्व अवशोषित होते हैं। दोनों आंतें संपूर्ण आहार नली के साथ सामान्य संरचना का हिस्सा हैं और कई परतों से बनी है। ल्यूमेन के अंदर से बाहर की ओर आने पर यह किरण सदृश प्रतीत होती है, कोई चीज मुकोजा (ग्रंथिल ऐपीथीलियम और पेशीय मुकोजा), उप मुकोजा, पेशीय बाहरी भाग (आंतरिक भाग गोलाकार और बाह्य भाग लंबबत बना हुआ) तथा अंत में सेरोसा से गुजरती है। ग्रंथिल एपीथीलियम में आहार नली की पूरी लंबाई के साथ गॉबलेट कोशिकाएं होती हैं। ये गुप्त श्लेष्मा भोजन के मार्ग को चिकना करने के साथ-साथ इसे पाचक एंजाइम से सुरक्षा प्रदान करती है। विली मुकोसा के आच्छादन होते हैं तथा दुग्ध वाहिनी निहित होने के दौरान, आंत के कुल सतही क्षेत्र को बढ़ाते हैं, जोकि लसीका प्रणाली से जुड़ी होती है तथा रक्त की आपूर्ति से लिपिड व ऊतक द्रव्य हटाने में मदद करती है। माइक्रोविली दीर्घ रोम के एपीथीलियम पर मौजूद होते हैं तथा आगे सतही क्षेत्र को बढ़ाते हैं जिस पर अवशोषण की क्रिया हो सकती है।
अगली परत पेशीय मुकोसा की होती है जोकि कोमल मांसपेशी की परत होती है जो आहार नली के साथ सतत क्रमाकुंचन और कार्यप्रणाली के चरम बिंदु पर मदद करती है। उपमुकोसा में तंत्रिकाएं (उदाहरण के लिए, मेसनर का प्लेक्सस, रक्त नलिका और श्लेषजन सहित लोचदार फाइबर होती है जो बढ़ी हुई क्षमता के साथ बढ़ती है लेकिन आंत के आकार को बनाए रखती है। इसके आसपास पेशीय एक्सटर्ना है जिसमें अनुदैर्ध्य और चिकनी मांसपेशियां होती हैं जो पुनः सतत क्रमाकुंचन व पची हुई सामग्री को आहार नली से बाहर निकालने में मदद करती हैं। पेशियों की दो परतों के बीच में अयुरबेच का प्लेक्सस होता है।
अन्त में सेरोसा होता है जो खुले संयोजक टिश्यू से बना होता है तथा श्लेष्मा में आवृत होता है जिससे अन्य टिश्यू से आंत के रगड़ने से घर्षण क्षति को रोका जा सके। इन सबको उचित स्थान पर बनाए रखना आंत्रयोजनी होता है जोकि आंत को उदरकोष्ठ में रोकता है तथा व्यक्ति के शारीरिक रूप से सक्रिय होने पर इसे वितरित होने से रोकता है।
बड़ी आंत में कई प्रकार के जीवाणु होते हैं जो मानव शरीर द्वारा स्वयं विखंडित न कर पाने वाले अणुओं के साथ कार्य करते है। यह सहजीविता का एक उदाहरण है। ये जीवाणु भी हमारी आंत के अंदर गैसों को बनाते हैं (यह गैस विलोपन होने पर उदर वायु के रूप में गुदा के माध्यम से निकलती है। हालांकि बड़ी आंत मुख्य रूप से पची हुई सामग्री (जोकि हाइपोथेलमस द्वारा विनियमित होती है) से पानी के अवशोषण तथा सोडियम के पुनः अवशोषण के साथ-साथ ईलियम में प्राथमिक पाचन से निकले किसी पोषक से संबंधित है।
रोग जठरांत्र शोथ आंतों की सूजन है। यह आंतों की सबसे आम बीमारी है।
आंत्रावरोध आंतों की रुकावट है।
इलिटिस क्षुद्रांत्र की सूजन है।
बृहदांत्र शोथ बड़ी आंत की सूजन है।
एपेंडिसाइटिस उंडुक पर स्थित कृमिरूपी पुच्छ की सूजन है। उपचार न करने पर यह एक संभावित घातक रोग है; एपेंडिसाइटिस के अधिकांश मामलों में शल्य चिकित्सा की जरूरत होती है।
उदर गह्वर संबंधी रोग गलत अवशोषण का एक आम रूप है, जिससे उत्तरी यूरोप के लगभग 1% लोग पीड़ित हैं। ग्लूटेन (लासा) की प्रोटीन से एलर्जी गेहूं, जौ और राई में पायी जाती है जो छोटी आंत में दीर्घ रोमनिर्मित क्षीणता करता है। जीवन भर लासा मुक्त आहार में इन खाद्य पदार्थों का आहार परिहार ही केवल उपचार है।
क्रोहन का रोग और व्रणकारी बृहदांत्र शोथ, अंतड़ी की सूजन के रोग के उदाहरण हैं। जबकि क्रोहन पूरे जठरांत्र संबंधी मार्ग को प्रभावित कर सकता है, व्रणकारी बृहदांत्र शोथ बड़ी आंत तक सीमित रहता है। क्रोहन के रोग को व्यापक रूप से स्वप्रतिरक्षण रोग के रूप में माना जाता है। हालांकि व्रणकारी बृहदांत्र शोथ का अक्सर उपचार किया जाता है जैसे कि यह एक स्वप्रतिरक्षण रोग हो, इसके ऐसे होने पर कोई आम सहमति नहीं बन पायी है। (स्वप्रतिरक्षण रोगों की सूची देखें)। एंटरोवायरस नाम उनके आंत से होते हुए संचरण मार्ग के कारण है (एंटरिक का अर्थ आंत), लेकिन उनके लक्षण मुख्यतः आंत से संबंधित नहीं हैं।
विकार उत्तेजनीय आंत्र सिंड्रोम (IBS) आंत का सबसे आम विकार है। कार्यात्मक कब्ज और दीर्घकालिक कार्यात्मक पेट दर्द आंत के अन्य विकार हैं जिनके शारीरिक कारण हैं, लेकिन संरचनात्मक, रासायनिक, या संक्रामक विकृतियां पहचानने योग्य नहीं होती हैं। वे सामान्य आंत्र कार्य के विपथगमन होते हैं लेकिन रोग नहीं होते हैं।
अंधवर्धाकार रोग वह स्थिति होती है जो अधिक उम्र के लोगों में काफी आम है। यह आम तौर पर बड़ी आंत को प्रभावित करता है लेकिन इसके साथ-साथ छोटी आंत को प्रभावित करने के बारे में ज्ञात हुआ है। अंधवर्धाकार रोग तब होता है जब आंत की दीवार पर पाउच बनने लगते हैं। एक बार जब पाउच सूज जाते हैं, तो इसे डाइवर्टिकुलिट्स, (या अंधवर्धाकार रोग) कहते हैं।
अंतर्गर्भाशयी शोथ आंत को प्रभावित कर सकता है, इसके लक्षण IBS के समान होते हैं।
आंत्र मुड़ना (या इसी तरह, आंत्र अवरोधन) तुलनात्मक रूप से काफी कम (सामान्यतः कभी-कभी आंत की बड़ी शल्य क्रिया के बाद विकसित होता है) होता है। हालांकि, इसका सही पता लगाना कठिन होता है और यदि इसका ठीक उपचार न किया जाए तो इससे आंत का रोधगलन और मृत्यु तक हो सकती है। (मालूम हो कि गायक मौरिस गिब की मौत इसी से हुई थी।)
गैर-मानवीय प्राणियों में पशु की आंतों के एकाधिक उपयोग होते हैं। दूध के स्रोत वाले पशु की प्रत्येक प्रजातियों से, संबंधित रेनेट दूध की फीड की आंत से प्राप्त होता है। सूअर और बछड़े की आंतों को खाया जाता है, तथा सूअर की आंतों को सॉसेज के खोल के रूप में उपयोग में लाया जाता है। बछड़े की आंते काफ इंटेस्टिनल अल्कलाइन फॉस्फेट (सीआईपी (CIP)) की आपूर्ति करती हैं, जिसका उपयोग गोल्डबीटर की त्वचा बनाने के लिए किया जाता है।
इन्हें भी देखें आंत्र के भीतरी भाग के रोग (या ""IBD"")
दस्त
कब्ज
सन्दर्भ 2007/03/27 को पुनः प्राप्त
श्रेणी:पाचन तंत्र
श्रेणी:जठरांत्र शोथ विज्ञान
श्रेणी:ओफल
श्रेणी:श्रेष्ठ लेख योग्य लेख
श्रेणी:गूगल परियोजना",मानव के शरीर में सम्पूर्ण कितने आंत होती है?,दो
