S. No,Title,Paragraphs
1,हेलेना दत्त,"हेलेना दत्त ( २८ सितम्बर, १९१६ - ?)  ब्रिटिश-विरोधी भारतीय स्वतंत्रता संग्राम की एक नेत्री थीं। उन्होने क्रान्तिकारी सुकुमार दत्त से विवाह किया।उनका जन्म ढाका जिले के कालीगंज में हुआ था। सन १९२८ में वे लीला नाग द्वारा स्थापित ""दीपाली छात्री संघ"" के साथ जुड़ गयीं। गुप्त रूप से लाठी और छुरा चलाना सीखा। १९३० में उन्होने  'श्रीसंघ' नामक बिप्लबी दल में योगदान किया। १९३२ में असहयोग आन्दोलन के समय उनकी महत्वपूर्ण भूमिका थी। १९३२ में पुलिस ने उन्हें गिरफ्तार कर लिया और ५ वर्ष तक विभिन्न जेलों में रखा। १९३७ के दिसम्बर माह में उन्हें मुक्त किया गया।१९३९ में उन्होने फॉरवर्ड ब्लॉक में योगदान किया।  १९४२ के भारत छोड़ो आन्दोलन में उन्होने भूमिगत होकर कार्य किया। १९४३ में उन्हें गिरफ्तार किया गया और ढाका एवं प्रेसिडेन्सी जेलों में बन्द रखा गया। १९४५ में उन्हें छोड़ा गया।"
2,हेली दारूवाला,"हेली दारूवाला (जन्म १४ जुलाई सूरत[1][2])  भारत की एक लोकप्रिय मॉडल, टेलीविजन और फ़िल्म अभिनेत्री है। उन्होंने 2011 में स्टार प्लस के शो लव यू जिंदगी से अपने अभिनय की शुरुआत की, जो एक मध्यम सफलता थी। वह स्टार प्लस के निशा और उसके कज़न्स मैं कीर्ति और कलर्स टीवी के नागिन मैं अनु की भूमिका के लिए जानी जाती हैं।[3][4] उन्होंने फिल्मों और संगीत वीडियो में भी अभिनय किया है। वह वर्तमान में ज़ी टीवी की हैवान पर निशा के रूप में दिखाई देती हैं।[5]उन्होंने इमली के रूप में अमोल पालेकर की कॉमेडी फिल्म दम काटा (२००७) में सहायक भूमिका के साथ बॉलीवुड फिल्म की शुरुआत की।[6]उन्होंने स्टार प्लस के शो लव यू ज़िंदगी (२०११) से नेहा के रूप में अपने टीवी करियर की शुरुआत की, जो शाहिद कपूर और करीना कपूर अभिनीत फिल्म जब वी मेट पर आधारित थी।[कृपया उद्धरण जोड़ें]"
3,हेमू कालाणी,हेमू कालाणी (२३ मार्च १९२३ - २१ जनवरी १९४३) भारत के एक क्रान्तिकारी एवं स्वतन्त्रता संग्राम सेनानी थे। अंग्रेजी शासन ने उन्हें फांसी पर लटका दिया था।[1]सख्खर (Sukkur) में २३ मार्च सन् १९२३ को जन्मे थे। उनके पिताजी का नाम पेसूमल कालाणी एवं उनकी माँ का नाम जेठी बाई था।[2]जब वे किशोर वयस्‍क अवस्‍था के थे तब उन्होंने अपने साथियों के साथ विदेशी वस्तुओं का बहिष्कार किया और लोगों से स्वदेशी वस्तुओं का उपयोग करने का आग्रह किया। सन् १९४२ में जब महात्मा गांधी ने भारत छोड़ो आन्दोलन चलाया तो हेमू इसमें कूद पड़े। १९४२ में उन्हें यह गुप्त जानकारी मिली कि अंग्रेजी सेना हथियारों से भरी रेलगाड़ी रोहड़ी शहर से होकर गुजरेगी. हेमू कालाणी अपने साथियों के साथ रेल पटरी को अस्त व्यस्त करने की योजना बनाई। वे यह सब कार्य अत्यंत गुप्त तरीके से कर रहे थे पर फिर भी वहां पर तैनात पुलिस कर्मियों की नजर उनपर पड़ी और उन्होंने हेमू कालाणी को गिरफ्तार कर लिया और उनके बाकी साथी फरार हो गए। हेमू कालाणी को कोर्ट ने फांसी की सजा सुनाई. उस समय के सिंध के गणमान्य लोगों ने एक पेटीशन दायर की और वायसराय से उनको फांसी की सजा ना देने की अपील की। वायसराय ने इस शर्त पर यह स्वीकार किया कि हेमू कालाणी अपने साथियों का नाम और पता बताये पर हेमू कालाणी ने यह शर्त अस्वीकार कर दी। २१ जनवरी १९४३ को उन्हें फांसी की सजा दी गई। जब फांसी से पहले उनसे आखरी इच्छा पूछी गई तो उन्होंने भारतवर्ष में फिर से जन्म लेने की इच्छा जाहिर की। इन्कलाब जिंदाबाद और भारत माता की जय की घोषणा के साथ उन्होंने फांसी को स्वीकार किया[3]
4,हेमाद्रिपंत,"हेमाद्रि पण्डित देवगिरि के यादव राजा महादेव (1259 - 1271) एवं राजा रामचन्द्र (1271 - 1309) के प्रधानमंत्री थे। वे एक कुशल प्रशासक, वास्तुकार, कवि और आध्यात्मविद थे।हेमाद्रिपंत के प्रधानमंत्रीत्व में यादवकुल का सूर्य अपने चरम पर था।तेरहवी शताब्दी में कर्नाटक के दक्षिण कन्नड़ के एक छोटे से ग्राम हेमाद्री के स्मार्त ऋग्वेदी, वत्स गोत्री, शाकालशक्शी देशस्थ ब्राह्मण परिवार में जन्मे हेमाद्रिपंत को उनके पिता कामदेओ बहुत छोटी उम्र में महाराष्ट्र ले आये थे।हेमाद्रिपंत ने बहुत-सी धार्मिक पुस्तकें लिखीं जिनमे चतुर्वर्ग चिंतामणि है जिसमे हज़ारों व्रतों और उनके करने के विधान का वर्णन है। चिकित्सा के सम्बन्ध में इन्होने आयुर्वेद रहस्यम् पुस्तक लिखी जिसने हजारों बीमारियों और उनके निदान के बारे में लिखा गया है। इन्होने एक इतिहास विषयक पुस्तक भी लिखी जिसका नाम 'हेमाडपंती बखर' है। हेमाद्रिपंत ने प्रशासन और राजकीय कार्यो में एकरूपता लाने के लिए एक पुस्तक भी लिखी जिसमे राज-काज के दैनंदिन कार्यो की प्रक्रिया को विस्तार से निश्चित किया गया है।"
5,हेमन्त सेन,हेमन्त सेन सेन राजवंश (बंगाल) के राजा थे।[1]
6,हेमचन्द्र विक्रमादित्य,"हेमू उर्फ़ हेमचन्द्र, हेमू विक्रमादित्य अथवा हेमचंद्र विक्रमादित्य (निधन: 5 नवम्बर 1556) हिन्दू कमाण्डर थे जो पहले एक सामान्य रूप में सेवा के मुख्यमंत्री के आदिल शाह सूरी के सूरी वंश में एक अवधि के दौरान भारतीय इतिहास जब मुगल और अफगान पूरे उत्तर भारत में सत्ता के लिए होड़ में थे। उन्होंने पंजाब से बंगाल तक उत्तर भारत में अफगान विद्रोहियों और आगरा और दिल्ली में हुमायूं और अकबर की मुगल सेनाओं से लड़ा, आदिल शाह के लिए 22 लड़ाई जीती। [1] [2]हेमू ने 7 अक्टूबर 1556 को दिल्ली की लड़ाई में अकबर की मुगल सेना को हराने के बाद शाही स्थिति का दावा किया और विक्रमादित्य की प्राचीन उपाधि धारण की जिसे अतीत में कई हिंदू राजाओं ने अपनाया था। [3] एक महीने बाद, हेमू पानीपत की दूसरी लड़ाई के दौरान एक मौका तीर से घायल हो गया और बेहोश हो गया। इसके तुरंत बाद अकबर के रीजेंट, बैरम खान ने लगभग मृत हेमू का सिर काट दिया। [4]हेमू के प्रारंभिक जीवन के समकालीन लेख उनकी विनम्र पृष्ठभूमि के कारण खंडित हैं, और अक्सर पक्षपाती होते हैं, क्योंकि वे मुगल इतिहासकारों जैसे बदाउनी और अबुल-फ़ज़ल द्वारा लिखे गए थे जिन्होंने अकबर के दरबार में सेवा की थी। आधुनिक इतिहासकार उनके परिवार के पैतृक घर और जाति, [5] और उनके जन्म के स्थान और वर्ष पर भिन्न हैं। आम तौर पर यह स्वीकार किया जाता है कि उनका जन्म सीमित साधनों के एक हिंदू ब्राह्मण परिवार में हुआ था और उन्होंने अपना बचपन दिल्ली के दक्षिण-पश्चिम में मेवात क्षेत्र के रेवाड़ी शहर में बिताया। अपने परिवार की आर्थिक स्थिति के कारण, हेमू ने कम उम्र में एक व्यापारी के रूप में काम करना शुरू कर दिया, या तो एक हरे-किराने के रूप में या नमक बेचने वाला। [6] [1] [7]"
7,हेज़ल कीच,"गुरबसन्त कौर (जन्म 1986/1987[1] हेज़ल कीच के नाम से [2]) एक भारतीय मूल की ब्रिटिश मॉडल है जो भारतीय धारावाहिकों व फिल्मो में कार्य कर चुकी है. वह बॉडीगार्ड फिल्म में अपने कार्य के लिए जानी जाती है। [3]12 नवंबर 2015 को, हेज़ल कीच का भारतीय क्रिकेटर युवराज सिंह से सगाई हुई थी।[4][5][6] उनका विवाह 30 नवंबर 2016 को हुआ था।[7][8] विवाह के बाद, हेज़ल ने ""गुरबसंत कौर"" नाम अपनाया, जिसे शादी समारोह के दौरान संत बलविंदर सिंह ने उन्हें दिया था।[9]हेज़ल कीच टेलीविजन, फिल्म और मंच में शामिल हो गई। उन्होंने ब्रिटिश कार्यक्रम अगाथा क्रिस्टी में नृत्य किया। बीबीसी वृत्तचित्र शो कॉल द शॉट्स ने उन्हें हिंदी फिल्मों में काम को दिखाया। वह 2002 में अपने लंदन दौरे के लिए बॉलीवुड संगीत बॉम्बे ड्रीम्स की टीम में शामिल हो गईं । उन्होंने कुछ हैरी पॉटर फिल्मों में सहायक अभिनेत्री के रूप में कार्य किया है।[10]"
8,हृषीकेश सुलभ,"हृषीकेश सुलभ (जन्म फ़रवरी १५, १९५५) हिन्दी के समकालीन शीर्ष लेखकों में हैं, जो कि कहानी और नाटक-लेखन की विधाओं के लिये जाने जाते हैं। आप ऑल इण्डिया रेडियो में कार्यरत भी हैं।सुलभ जी को उनके कहानी संग्रह ""वसंत के हत्यारे[मृत कड़ियाँ]"" के लिये हाल ही में इन्दु शर्मा अंतर्राष्ट्रीय कथा सम्मान दिया गया है। ये सम्मान उन्हें कथा यूके द्वारा दिया गया है।आपका जन्म फ़रवरी १५, १९५५ को भारत में बिहार के लहेजी नामक एक छोटे से गाँव में हुआ। प्रारंभिक शिक्षा गाँव मे ही हुई। लहेजी के माहौल और रंगमंच से जुडाव ने आरंभ से ही रंगमंच की तरफ़ आपका ध्यान आकृष्ट किया।"
9,हृदय नाथ कुन्ज़रू,"डॉ॰ हृदय नाथ कुन्ज़रू (1 अक्टूबर 1887-3 अप्रैल 1978) हृदय नाथ कुन्ज़रू भारत के प्रमुख स्वतन्त्रता सेनानी थे।[1] वे भारतीय संविधान के निर्माण के लिए गठित संविधान सभा के एक सदस्य थे।खेल मनोरंजन एवं अनुसाशन में भारत सरकार को सुझाव देता है कुंजरू समिति का निर्माण हृदय नाथ कुंजरू की अद्यक्षता में किया गया था।आगरा और लंदन स्कूल ऑफ इकोनॉमिक्स से शिक्षा प्राप्त करने के बाद कुंजरू सर्वेन्ट्स ऑफ इंडिया सोसाइटी से जुड़े और 1936 में इसके आजीवन अध्यक्ष चुने गए। वे उदार राजनीति में, संयुक्त प्रांत और दिल्ली में सक्रिय रहे। उन्होंने सरकार द्वारा बनाए गई विभिन्न आयोगों में अपनी सेवाएं प्रदान कीं। वे अल्पसंख्यकों के अधिकारों के पक्षधर थे। उन्होंने 'इंडियन काउंसिल ऑफ वर्ल्ड अफेयर' की स्थापना की। शिक्षा में उनकी काफी रुचि थी इसलिए वे सक्रिय रूप से विभिन्न शैक्षणिक समितियों से जुड़े थे।"
10,हु ह्वांग-ओक,"हीओ ह्वांग-ओके एक पौराणिक रानी है जिसका उल्लेख 13 वीं शताब्दी के कोरियाई क्रोनिकल सैमगुक युसा में किया गया है।कोरियाई प्रायद्वीप के दक्षिण में 42 AD के आसपास, एक राज्य था जिसे गया कहा जाता था। राज्य के संस्थापक गया के राजा सुरो थे, और ऐतिहासिक अभिलेखों के अनुसार, उन्होंने अयुता साम्राज्य से एक भारतीय राजकुमारी से शादी की (लोगों का मानना ​​है कि यह अयोध्या थी)। कोरियाई भाषा के कुछ शब्द भारत के तमिलनाडु राज्य में to तमिल ’भाषा से संबंधित हो सकते हैं जैसे अम्मा (ओममा), अप्पा, अन्नी (उन्नी), नाल (नाल या दिन), आदि…। । हमें यकीन नहीं है कि उनका नाम कोरियाई में हेओ ह्वांग ओके कैसे बन गया, लेकिन 2000 साल पहले 許黃玉 (हीओ ह्वांग ओके) का मूल उच्चारण उसके भारतीय नाम के ज्यादा करीब हो सकता था - गया ने प्रोटो-कोरियाई भाषा की तुलना में बहुत अलग बात की आधुनिक एक। राजा सुरो और हीओ के 10 बेटे एक साथ थे, उनमें से 8 को राजा सूरो का अंतिम नाम - किमाहे का किम दिया गया था, लेकिन उनमें से 2 को उनकी और उनके पूर्वजों के सम्मान के लिए उनकी मां का अंतिम नाम दिया गया था - किमो के हेओ।  किम्हे उस क्षेत्र का नाम है जहां गया स्थित था। लगभग हजार साल बाद, किमाहे शाखा के हेओ में से एक इंच का इंच बन गया। इसलिए, किमहा के किम, हेम के किम, और इंच के ली सभी संबंधित हैं - पुराने दिनों में, वे अंतर्जातीय विवाह नहीं कर सकते थे।वह कन्याकुमारी, (अय्या) में पांडियन साम्राज्य की राजकुमारी है। मुख्य प्रमाण यह है कि नौकायन के लिए किए गए पत्थर अब उसके मंदिर में प्रचारित किए गए थे। उन कंकड़ में मछली के प्रतीक हैं जो पांड्य वंश की निशानी है।हीओ की किंवदंती गार्गुकुगी (गराक साम्राज्य का रिकॉर्ड) में पाई जाती है, जो वर्तमान में खो गई है, लेकिन सैमगुक युसा के भीतर संदर्भित है। किंवदंती के अनुसार, हीओ ""अयुता साम्राज्य"" की राजकुमारी थी। दूर के रिकॉर्ड अयुत की पहचान दूर देश के अलावा नहीं करते हैं। लिखित स्रोत और लोकप्रिय संस्कृति अक्सर भारत के साथ अयुत को जोड़ते हैं लेकिन भारत में स्वयं किंवदंती का कोई रिकॉर्ड नहीं है। ह्ययांग विश्वविद्यालय के मानवविज्ञानी किम ब्युंग-मो ने अयोन्या को भारत में ध्वन्यात्मक समानता के आधार पर पहचाना। भारतीय शहर जिसे अब अयोध्या कहा जाता है, प्राचीन काल में साकेत कहलाता था, हालांकि मध्ययुगीन काल में [अयोध्या] का नामकरण तब हुआ था जब जब समगु यस की रचना हुई थी।ग्रैफ़्टन के। मिंटज़ और हाए-हंग ने कहा कि कोरियाई संदर्भ वास्तव में थाईलैंड के अयुथ्या साम्राज्य के लिए था।  हालाँकि, जॉर्ज कॉडेस के अनुसार, सैमगुक युसा की रचना के बाद, थाई शहर की स्थापना 1350 CE तक नहीं हुई थी। कुछ लोगों का कहना है कि भारत के तमिलनाडु में पांड्या साम्राज्य का एक जागीरदार राज्य अयोई से आया था।अपनी शादी के बाद, हीओ ने सुरो को बताया कि वह 16 साल की थी।  उसने अपना दिया नाम ""ह्वांग-ओके"" (""येलो जेड"") और अपने परिवार का नाम ""हीओ"" (या ""हुर"") बताया। उसने बताया कि वह गया में कैसे उतरी: स्वर्गीय भगवान (संगी जे) अपने माता-पिता के सपनों में दिखाई दिए। उसने उन्हें सू को सुरो में भेजने के लिए कहा, जो गया के राजा के रूप में चुने गए थे। सपने से पता चला कि राजा को अभी तक रानी नहीं मिली थी। हीओ के पिता ने तब उसे सुरो में जाने के लिए कहा। दो महीने की समुद्री यात्रा के बाद, उसने बेइंडो को पाया, जो एक आड़ू था, जो हर 3000 साल में मिलता था।किंवदंती के अनुसार, राजा सुरो के दरबारियों ने उनसे अनुरोध किया था कि वे उन युवतियों में से एक पत्नी का चयन करें जिन्हें वे अदालत में लाएंगे। हालांकि, सुरो ने कहा कि उसकी पत्नी के चयन की कमान हेवंस द्वारा की जाएगी। उसने राजधानी के दक्षिण में एक द्वीप मैंगसन-डो को एक घोड़ा और एक नाव लेने के लिए युच्न-गण को आज्ञा दी। मैंगसन में, युचेन ने लाल पाल और लाल ध्वज के साथ एक बर्तन देखा। वह जहाज पर गया, और काया (या गया, वर्तमान किमाहे / गिम्हे) के तट पर पहुंच गया। एक अन्य अधिकारी, सिन'ग्विगन महल में गए, और राजा के जहाज के आने की सूचना दी। राजा ने नौ कबीले प्रमुखों को भेजा, उनसे जहाज के यात्रियों को शाही महल में जाने के लिए कहा। राजकुमारी हेओ ने कहा कि वह अजनबियों के साथ नहीं होगी। तदनुसार, राजा ने महल के पास एक पहाड़ी की ढलान पर एक तंबू लगाने का आदेश दिया। राजकुमारी फिर अपने दरबारियों और दासों के साथ तंबू में पहुंची। दरबारियों में पाप पो (या पाप बो 申 and Cho) और चो कुआंग (या जो ग्वांग 匡। Sin) शामिल थे। उनकी पत्नियाँ क्रमशः मोइंग 모정 (慕 and) और मोर्यंग 慕 (were 良) थीं। बीस दासों ने सोना, चाँदी, जवाहरात, रेशम का ब्रोकेड और टेबलवेयर रखा। राजा से शादी करने से पहले, राजकुमारी ने अपने रेशमी पतलून (सेमुग युसा के एक अलग खंड में एक स्कर्ट के रूप में उल्लिखित) को उतार लिया और उन्हें पहाड़ की आत्मा की पेशकश की। राजा सुरो उसे बताता है कि वह पहले से हीओ के आगमन के बारे में जानता था, और इसलिए, अपने दरबारियों द्वारा सुझाई गई युवतियों से शादी नहीं करता थाजब रानी के कुछ एस्कॉर्ट्स ने घर लौटने का फैसला किया, तो राजा सुरो ने उनमें से प्रत्येक को हेम्पेन कपड़े के तीस रोल दिए (एक रोल 40 गज का था)। उन्होंने प्रत्येक व्यक्ति को वापसी यात्रा के लिए चावल के दस बैग दिए। दो दरबारियों और उनकी पत्नियों सहित रानी के मूल काफिले का एक हिस्सा उसके साथ वापस आ गया। रानी को आंतरिक महल में एक निवास स्थान दिया गया था, जबकि दो दरबारियों और उनकी पत्नियों को अलग-अलग निवास स्थान दिए गए थे। उनके काफिले के बाकी सदस्यों को बीस कमरों का एक गेस्ट हाउस दिया गया था।"
11,हीरालाल रामप्रताप,हीरालाल रामप्रताप ट्रिनिडाड के चटनी संगीत का कलाकार है।
12,हिन्दू स्वयंसेवक संघ,राष्ट्रीय स्वयंसेवक संघ (RSS) के विश्व भारत के अतिरिक्त अन्य देशों में काम हेतु राष्ट्रीय स्वयंसेवक संघ नाम से संगठन काम कर रहे हैं। राष्ट्रीय स्वयंसेवक संघ एक राष्ट्रवादी संघटन है जिसके सिद्धांत अखंड भारत हैं। यह राष्ट्रीय स्वयंसेवक संघ की अपेक्षा संघ या आर एस एस नाम से अधिक प्रसिद्ध है। इसकी शुरुआत 1925 में डा. केशव हेडगेवार द्वारा की गयी थी।
13,हिन्दू शाही,"हिन्दू शाही (879-1026) अफगानिस्तान के अंतिम हिंदू राजवंशों था। राजवंश ने लगभग 150 बर्षों तक भारत को इस्लामिक हमलो से सुरक्षित रखा । इस वंश का अंतिम प्रतापी शासक जयपाल था ।जिसने गजनी पर आक्रमण किया।और बहुत बहादुरी से लड़ा लेकिन अचानक गजनी का मौसम खराब हो जाने के कारण जयपाल की सेना के हाथी बिगड़ गये और वापिस जयपाल की सेना को कुचलने लगे इस कारण गजनी का शासक मुहम्मद गजनवी हावी होने लगा ,ओर अंत मे जयपाल को वापिस लौटना पड़ा। इसके बाद लगभग 1025 ईसवी में गजनवी ने धर्मपाल खटाना गुर्जर पर हमला किया ।इस युद्ध मे जयपाल बहुत वीरता से लड़ा पर कम सैन्य बल होने के कारण हार गया। जयपाल हार को सहन नही कर सका और उसने अग्नि में समाधि ले ली ।इसके बाद इस वंश का पतन हो गया"
14,हिन्दू धर्मग्रन्थ,"हिन्दू धर्म
 श्रेणीहिन्दू धर्म किसी एक व्यक्ति द्वारा प्रवर्तित धर्म नहीं है। इसका एक आधार वेदादि धर्मग्रन्थ हैं, जिनकी संख्या बहुत बड़ी है। ये सब दो भागों में विभक्त हैं-"
15,हिन्दू,"१.२ अरब जागतिक (२०२०)[1][2][3]हिन्दू शब्द किसी भी ऐसे व्यक्ति का उल्लेख करता है जो स्वयं को सांस्कृतिक रूप से, मानव-जाति के अनुसार या नृवंशतया (एक विशिष्ट संस्कृति का अनुकरण करने वाले एक ही प्रजाति के लोग), या धार्मिक रूप से हिन्दू धर्म से जुड़ा हुआ मानते हैं।[49][50] यह शब्द ऐतिहासिक रूप से दक्षिण एशिया में स्वदेशी या स्थानीय लोगों के लिए एक भौगोलिक, सांस्कृतिक, और बाद में मजहबी या पंथीय पहचानकर्ता के रूप में प्रयुक्त किया गया है।[51][52]"
18,हस्त उत्तानासन,हस्त उत्तानासन एक आसन है।[1][2][3][4][5][6][7]
19,हर्षवर्धन (राजनेता),"डॉ॰ हर्षवर्धन भारतीय राजनेता हैं जो भारतीय जनता पार्टी (भाजपा) के सदस्य हैं। ये कृष्णा नगर विधानसभा क्षेत्र से दिल्ली विधानसभा के सदस्य रहे हैं। डॉ. हर्ष वर्धन वर्तमान में दिल्ली के चांदनी चौक लोकसभा क्षेत्र से सांसद हैं और केंद्रीय विज्ञान एवं प्रौद्योगिकी और पर्यावरण, वन एवं जलवायु परिवर्तन, पृथ्वी विज्ञान मंत्री हैं। इनके नेतृत्व में विज्ञान एवं प्रौद्योगिकी के क्षेत्र में तमाम उपलब्धियां हासिल की हैं। पर्यावरण, वन एवं जलवायु परिवर्तन मंत्री के तौर पर इन्होंने पर्यावरण की रक्षा के लिए एक बड़े नागिरक अभियान 'ग्रीन गुड डीड्स' की शुरुआत की है। इस अभियान को ब्रिक्स देशों ने अपने आधिकारिक प्रस्ताव में शामिल किया है।डॉ हर्षवर्धन पेशे से नाक, कान और गले के रोगों के चिकित्सक हैं। दिल्ली में भारतीय जनता पार्टी की सरकार (1993-1998) के दौरान इन्होंने स्वास्थ्य मन्त्री, कानून मन्त्री और शिक्षा मन्त्री सहित राज्य मन्त्रिमण्डल में विभिन्न पदों पर कार्य किया। हर्षवर्धन दिल्ली विधानसभा चुनाव के इतिहास में कभी नहीं हारे हैं।प्राइवेट अस्पतालों में लगातार मंहगें होते जा रहे ईलाज व दवाओं के अत्यधिक मूल्य के कारण खुद को ठगा सा महसूस कर रही आम जनता को स्वास्थय मंत्री डा. हर्षवर्धन से आशाएं है कि वे ईलाज को सस्ता करने के साथ ही दवा कम्पनियों द्वारा दवा पर लागत से कई-कई गुणा एमआरपी अंकित करने की व्यवस्था पर रोक लगाते हुए। दवाओं पर कमीशन की अधिकतम मात्रा निर्धारित करने का काम करेंगे। जिससे गरीब व मध्यम वर्गीय परिवार आसानी से अपने परिवार का ईलाज करा सकेगा।"
20,हर्षवर्धन,"हर्षवर्धन (590-647 ई.) प्राचीन भारत में एक राजा था जिसने उत्तरी भारत में ६०६ ई से ६४७ ई तक राज किया। वह वर्धन राजवंश के शासक प्रभाकरवर्धन का पुत्र था। जिसके पिता अल्कोन हूणों को पराजित किया था।[2] उसका छोटा भाई राज्यवर्धन, थानेसर पर शासन करता था जिसका क्षेत्र आज के हरियाणा का क्षेत्र है। हर्षवर्धन बैस वंश के थे।[3]जब हर्ष का शासन अपने चरमोत्कर्ष पर था तब उत्तरी और उत्तरी-पश्चिमी भारत का अधिकांश भाग उसके राज्य के अन्तर्गत आता था। उसका राज्य पूरब में कामरूप तक तथा दक्षिण में नर्मदा नदी तक फैला हुआ था। कन्नौज उसकी राजधानी थी जो आजकल उत्तर प्रदेश में है। उसने ६४७ ई तक शासन किया।[4] जब हर्ष ने भारत के दक्षिणी भाग में अपने राज्य का विस्तार करने की कोशिश की तो चालुक्य वंश के शासक पुलकेशिन द्वितीय ने नर्मदा के युद्ध में उसे पराजित किया।वह अंतिम बौद्ध सम्राट् था जिसने पंजाब छोड़कर शेष समस्त उत्तरी भारत पर राज्य किया। शशांक की मृत्यु के उपरांत वह बंगाल को भी जीतने में समर्थ हुआ। हर्षवर्धन के शासनकाल का इतिहास मगध से प्राप्त दो ताम्रपत्रों, राजतरंगिणी, चीनी यात्री युवान् च्वांग के विवरण और हर्ष एवं बाणभट्ट रचित संस्कृत काव्य ग्रंथों में प्राप्त है।"
22,हर्ष देव,हर्ष देव कश्मीर के राजा थे। उनका राज्य काल १०८९-११११ था।[2]
23,हरीश चन्द्र मुखोपाध्याय,"हरीश चन्द्र मुखोपाध्याय (1824 – 1861), भारत के एक पत्रकार और देशप्रेमी थे जिन्होने नील की खेती करने वालों के हित के लिए संघर्ष किया और ब्रिटिश सरकार को इसमें बदलाव लाने के लिए मजबूर किया।बंगाल के नील किसानों की समस्याओं और उनके दुःख-दर्द को सामने लाने में पत्रकार हरीश चंद्र मुखर्जी की बड़ी भूमिका रही है। उन्होंने यह काम अपने अखबार द हिंदू पेट्रियाट अखबार के जरिये किया। उन्होंने लगातार बंगाल के नील किसानों की व्यथा और शोषण की कहानियां प्रकाशित कीं।  उनके रिपोर्ट्स से नील प्लांटर्स इतने परेशान हुए कि उन्होंने हिंदू पेट्रियाट अखबार को मुकदमे में फंसाने की कोशिश शुरू कर दी। किन्तु अच्छी बात यह थी कि हिंदू पेट्रियाट अखबार ब्रिटिश टेरिटरी से बाहर भवानीपुर के इलाके से प्रकाशित होता था, इसलिए वे अखबार का प्रकाशन बन्द नहीं कर पाये। लेकिन उन्होंने हरीशचंद्र मुखोपाध्याय को कई तरह से प्रताड़ित किया। नतीजा यह हुआ कि केवल 37 साल की उम्र में उनकी मृत्यु हो गयी। इतना ही नहीं उनकी मृत्यु के बाद उनकी पत्नी को भी मुकदमें में उलझाये रखा गया। मगर हरीशचंद्र मुखोपाध्याय के प्रयास इतने कारगर रहे कि ब्रिटिश सरकार को नील आयोग का गठन करना ही पड़ा।जिस तरह हिंदी पत्रकारिता के क्षेत्र में गणेश शंकर विद्यार्थी का नाम अमर है, उसी तरह बंगाल की पत्रकारिता में हरीशचंद्र मुखोपाध्याय की कीर्ति आज भी है। उस काल में बंगाल में उनके नाम के गीत गाये जाते थे। हिंदू पेट्रियाट की पत्रकारिता के जरिये उन्होंने जो बदलाव की बुनियाद रखी, वह अविस्मरणीय है। एक संवाददाता के रूप में 1953 में उन्होंने इस अखबार में नौकरी की थी, पर केवल दो वर्ष में वे अखबार के प्रधान सम्पादक बन गये और फिर मालिक भी। उसी दौर में 1857 का विद्रोह हुआ, उन्होंने अपने अखबार में इसकी रिपोर्टिंग भी की और 1858 के नील बिप्लव की रिपोर्टिंग के लिए तो उनका नाम अमर ही हो गया।"
25,हरिहर राय द्वितीय,"हरिहर राय द्वितीय (1342-1404 सीई) संगम राजवंश से विजयनगर साम्राज्य के एक यादव सम्राट थे।[1] उन्होंने कन्नड़ कवि मधुरा, एक जैन को संरक्षण दिया। उनके समय में वेदों पर एक महत्वपूर्ण कार्य पूरा हुआ था। उन्होंने वैदिकमर्ग स्थापनाचार्य और वेदमार्ग प्रवर्तक की उपाधियाँ अर्जित की।वह शासक बने जब बुक्का राय प्रथम की मृत्यु 1377 में हुई और 1404 में अपनी मृत्यु तक शासन किया। उसके बाद विरुपाक्ष राय ने शासन किया।अपने शासनकाल के दौरान, उन्होंने नेल्लोर और कलिंग के बीच आंध्र के नियंत्रण के लिए कोंडाविडु के रेडिस के खिलाफ लड़ाई के माध्यम से राज्य के क्षेत्र का विस्तार करना जारी रखा। कोंडाविडु के रेडिस से, हरिहर द्वितीय ने अडांकी और श्रीशैलम क्षेत्रों के साथ-साथ प्रायद्वीप के बीच के अधिकांश क्षेत्र को कृष्णा नदी के दक्षिण में जीत लिया, जो अंततः तेलंगाना में राचकोंडा के वेलामाओं के साथ लड़ाई का कारण बनेगा। हरिहर द्वितीय ने 1378 में मुजाहिद बहमनी की मृत्यु का लाभ उठाया और गोवा, चौल और दाभोल जैसे बंदरगाहों को नियंत्रित करते हुए उत्तर पश्चिम में अपना नियंत्रण बढ़ाया।"
26,हरिवंश राय बच्चन,हरिवंश राय बच्चन (27 नवम्बर 1907 – 18 जनवरी 2003) हिन्दी भाषा के एक कवि और लेखक थे। वे हिन्दी कविता के उत्तर छायावाद काल के प्रमुख कवियों में से एक थे । उनकी सबसे प्रसिद्ध कृति मधुशाला है। भारतीय फिल्म उद्योग के प्रख्यात अभिनेता अमिताभ बच्चन उनके सुपुत्र हैं। उनकी मृत्यु 18 जनवरी 2003 में सांस की बीमारी की वजह से मुम्बई में हुई थी।उन्होंने इलाहाबाद विश्वविद्यालय में अंग्रेजी का अध्यापन किया। बाद में भारत सरकार के विदेश मंत्रालय में हिन्दी विशेषज्ञ रहे। अनन्तर राज्य सभा के मनोनीत सदस्य रहे। बच्चन जी की गिनती हिन्दी के सर्वाधिक लोकप्रिय कवियों में होती है।हरिवंश राय बच्चन जी का जन्म 27 नवम्बर 1907 को इलाहाबाद में एक कायस्थ परिवार मे हुआ था। हरिवंश राय बच्चन के पूर्वज मूलरूप से अमोढ़ा (उत्तर प्रदेश) के निवासी थे। यह एक कायस्थ परिवार था। कुछ कायस्थ परिवार इस स्थान को छोड़ कर इलाहाबाद जा बसे थे। इनके पिता का नाम प्रताप नारायण श्रीवास्तव तथा माता का नाम सरस्वती देवी था। इनको बाल्यकाल में 'बच्चन' कहा जाता था जिसका शाब्दिक अर्थ 'बच्चा' या 'संतान' होता है। बाद में ये इसी नाम से प्रसिद्ध हुए। उन्होंने कायस्थ पाठशाला में पहले उर्दू और फिर हिन्दी की शिक्षा प्राप्त की। उन्होंने इलाहाबाद विश्वविद्यालय से अंग्रेजी में एम॰ए॰ और कैम्ब्रिज विश्वविद्यालय से अंग्रेजी साहित्य के विख्यात कवि डब्लू॰बी॰ यीट्स की कविताओं पर शोध कर पीएच.डी.(Ph.D)  पूरी की थी । १९२६ में १९ वर्ष की उम्र में उनका विवाह श्यामा बच्चन से हुआ जो उस समय १४ वर्ष की थीं। सन १९३६ में  टीबी के कारण श्यामा की मृत्यु हो गई। पाँच साल बाद १९४१ में बच्चन ने एक पंजाबन तेजी सूरी से विवाह किया जो रंगमंच तथा गायन से जुड़ी हुई थीं। इसी समय उन्होंने 'नीड़ का निर्माण फिर' जैसे कविताओं की रचना की। उनके पुत्र अमिताभ बच्चन एक प्रसिद्ध अभिनेता हैं।
27,हरिवंश महाप्रभु,"राधा वल्लभीयसम्प्रदायाचार्य गोस्वामी श्री हित हरिवंश चन्द्र महाप्रभु सोलहवीं शताब्दी में आविर्भूत विभूतियों में से एक अनन्यतम विभूति थे। उन्होंने अपने अद्भुत चरित और आचरणों के द्वारा उपासना, भक्ति, काव्य और संगीत आदि के क्षेत्र में क्रान्तिकारी मोड दिए। वह तत्कालीन रसिक समाज एवं संत समाज में श्रीजू, श्रीजी, हित जू एवं हिताचार्यआदि नामों से प्रख्यात थे। उनका जन्म बैसाख शुक्ल एकादशी, विक्रम संवत् १५३० को मथुरा से 12 कि॰मी॰ दूर आगरा-दिल्ली राजमार्ग पर स्थित 'बाद' ग्राम में हुआ था।हरिवंश महाप्रभु के देववनसहारनपुर निवासी पिता पं. व्यास मिश्र जब ब्रज भ्रमण हेतु आए, उस समय उनकी मां श्रीमती तारा रानी गर्भवती थीं। अतएव उनकी मां को प्रसव पीडा के कारण बाद ग्राम में ठहरना पडा। यहीं पर एक सरोवर के निकट वट वृक्ष के नीचे हरिवंश महाप्रभु का जन्म हुआ। यहां चिरकाल पूर्व से राधावल्लभीयविरक्त संत निवास करते चले आ रहे हैं। इस स्थान का जीर्णोद्धार राजा टोडरमलने कराया था। वर्तमान में यहां श्री राधा रानी का अत्यंत भव्य मंदिर बना हुआ है। श्री हित हरिवंश चन्द्र महाप्रभु में अनेकानेक विलक्षण प्रतिभाएं थीं। जब वह मात्र 7वर्ष के थे तब वे देववनके एक अत्यधिक गहरे कुएं में कूद कर श्याम वर्ण द्विभुजमुरलीधारीश्री विग्रह को निकाल लाए थे। उन्होंने इसका नाम ठाकुर रंगीलालरखा। यह विग्रह देववनके राधा नवरंगीलाल मंदिर में विराजित है। हरिवंश महाप्रभु राधारानीको अपनी इष्ट के साथ गुरु भी मानते थे। रसिक वाणियों में यह कहा गया है कि हरिवंश जी को हित की उपाधि राधा रानी ने मंत्रदान करते समय दी थी।महाप्रभु 31 वर्ष तक देववन में रहे। अपनी आयु के 32 वें वर्ष में उन्होंने श्री राधा रानी की प्रेरणा से वृंदावन के लिए प्रस्थान किया। मार्ग में उन्हें चिरथावलग्राम में रात्रि विश्राम करना पडा। वहां उन्होंने स्वप्न में प्राप्त श्री राधारानी के आदेशानुसार एक ब्राह्मण की दो पुत्रियों के साथ विधिवत विवाह किया। बाद में उन्होंने अपनी दोनों पत्नियों और कन्यादान में प्राप्त श्री राधावल्लभ लाल के श्री विग्रह को लेकर वृंदावन प्रस्थान किया। श्री हिताचार्य जब संवत् 1562 में वृंदावन आए, उस समय वृंदावन निर्जन वन था। वह सर्वप्रथम यहां के मदन टेर पर रहे और उसी जगह श्री राधावल्लभ लाल को लाड लडाया| बाद में उनके श्री वृंदावन मैं प्रथम शिष्य बने दस्यु सम्राट श्री नरवाहन जी ने श्री हित महाप्रभु को धनुश और बाण दिया और महाप्रभु से कहा जहां पर यह बाण जयेगा वहाँ तक की भुमि आप की। बाण तीर घाट [आज का चीर घाट] तक गया। श्री हित महाप्रभु जी श्री राधावल्लभ लाल के श्री विग्रह को संवत् 1562 की कार्तिक शुक्ल त्रयोदशी को लेकर श्री वृंदावन आये उसी दिन श्री विग्रह को विधिवत् प्रतिष्ठित किया।"
28,हरिलाल मोहनदास गांधी,"हरिलाल मोहनदास गांधी (23 अगस्त 1888 - 18 जून 1948) मोहनदास करमचंद गांधी के सबसे बड़े पुत्र थे।.[1] उनके तीन छोटे भाई मणिला गांधी, रामदास गांधी और देवदास गांधी थे।हरिलाल का जन्म 23 अगस्त 1888 को हुआ था जब उनके पिता उच्च शिक्षा के लिए इंग्लैंड गए थे। वह भी उच्च शिक्षा के लिए इंग्लैंड जाना चाहते थे और एक बार बैरिस्टर बनने की उम्मीद करता थे। उनके पिता ने दृढ़ता से इसका विरोध किया, यह मानते हुए कि पश्चिमी शैली की शिक्षा भारत पर ब्रिटिश शासन के खिलाफ संघर्ष में सहायक नहीं होगी।.[2] आखिरकार अपने पिता के फैसले के खिलाफ विद्रोह कर, 1911 में हरिलाल ने सभी पारिवारिक संबंधों को छोड़ दिया।हरिलाल की शादी गुलाब गांधी से हुई थी और उनके पांच बच्चे, दो बेटियां, रानी और मनु, और तीन बेटे, कंटिलाल, रसिकलाल और शांतिलाल थे। रासिकलाल और शांतिलाल की मृत्यु कम उम्र में हो गयी थी। उनके चार पोते (अनुश्री, प्रबोध, नीलम और नवमलिका) थे, रानी के माध्यम से दो (शांति और प्रदीप) कांती के माध्यम से, और मनु के माध्यम से एक (उर्ममी)। फ्लू महामारी में गुलाब की मौत के बाद वह अपने बच्चों से अलग हो गए।"
29,हरिदास ठाकुर,"हरिदास ठाकुर (जन्म 1451 या 1450) महान वैष्णव सन्त थे। उन्होने हरे कृष्ण आन्दोलन के आरम्भिक प्रसार में महती भूमिका अदा की। रूप गोस्वामी तथा सनातन गोस्वामी के अतिरिक्त वे चैतन्य महाप्रभु के वे प्रमुख शिष्य थे।हरिदास ठाकुर का जन्म खुलना जिले (सम्प्रति बंगलादेश में) के बूढ़न ग्राम में सं0 1507 में एक ब्राह्मण कुल में हुआ। इनके पिता का नाम सुमति तथा माता का गौरी था। ये छह महीने के थे तभी पिता की मृत्यु हुई और माता सती हो गई। मरने के पहले बालक को पिता ने एक कुटुंबी को सौंप दिया था जो कारणवश मुसलमान हो गया था पर उसने सच्चाई से इनकी धर्मरक्षा करते हुए पालन किया और कुछ बड़े होते ही पिता का अंतिम संदेश सुनाकर इन्हें विदा कर दिया। तदनुसार इन्होंने नामजप का व्रत लिया और एकांत सेवन करने लगे। इनकी ख्याति बढ़ी जिससे एक दुष्ट धनी ने एक वेश्या को परीक्षार्थ इनके पास भेजा पर फल उलटा हुआ। वह स्वयं भक्त हो गई। ये यहाँ से अन्यत्र चले गए पर वहाँ के नवाब ने एक यवन को हिंदू धर्मानुसार आचरण करते सुनकर पकड़ मँगवाया और बेंत मारते-मारते प्राण लेने का दंड दिया, पर ये समाधि में रत थे अत: बच गए। इस पर नवाब ने क्षमायाचना की। यहाँ से ये फुलिया जाकर कुछ दिन रहे और फिर बलराम आचार्य के पास चाँदपुर गए। यहीं श्री रघुनाथदास ने इनके सत्संग से लाभ उठाया था। यहाँ से यह श्री अद्वैताचार्य के पास शांतिपुर गए और वहाँ से श्री गौरांग के बुलाने पर नदिया पहुँचे। श्री नित्यानंद के साथ ये हरि-नाम-प्रचार में लग गए। यहाँ से ये जगदीशपुरी गए। ये तीन लाख नामजप के व्रती थे और उसे अंत तक निबाहा। सं0 1582 में यहीं इनका शरीर छूटा। समुद्र के किनारे इनका पक्का गोल समाधिमंदिर है, जिसके कुएँ का पानी मीठा है।"
30,हरिचाँद ठाकुर,"हरिचाँद ठाकुर (11 मार्च 1812 – 5 मार्च 1878 ) मतुआ महासंघ के संस्थापक थे। उन्होंने समाज के पिछड़े वर्गों या दलित लोगों के विकास के लिए काम किया।हरिचाँद ठाकुर [1] का जन्म ११ मार्च १८१२ को अविभाजित बंगाल के बांग्लादेश के गोपालगंज जिले को कासियानी थाना के अंतर्गत ओरकंडी के पास सफलाडांगा गाँव में हुआ था। उनके माता-पिता का नाम अन्नपूर्णा और यशोमन्त था। उनकी औपचारिक शिक्षा ठीक से नहीं चली, लेकिन उन्होंने सरल तरीके से प्रेम और भक्ति का प्रचार किया।उन्का जन्म चांडाल परिवार में हुआ था। उन्होंने विभिन्न स्थानों पर रहने के अवसर के माध्यम से अनुभव प्राप्त करते हुए, शास्त्रों की चर्चा के माध्यम से हिंदू और बौद्ध धर्मग्रंथों का ज्ञान प्राप्त किया। [2] उनकी खेती का पारंपरिक तरीका मातुवाबाद कहलाता था। उनके दो बेटे गुरुचाँद ठाकुर और उमाचरण थे।"
31,हरिओम शरण,"आपने मेरठ विश्वविद्यालय के अंतर्गत मुलतानी मल मोदी कॉलेज मोदीनगर से भौतिकी, गणित और सांख्यिकी से स्नातक किया है । आप  हैं और वित्तीय विश्लेषण में स्नातकोत्तर किये हुए हैं। .आपने अपनी सभी परीक्षाएं प्रथम स्थान से उत्तीर्ण की हैं। आप नेशनल स्टॉक एक्सचेंज ऑफ़ इंडिया लिमिटेड से प्रमाणित, लेवल-५ कैपिटल मार्किट प्रोफेशनल हैं।  साथ ही साथ 5 अलग -अलग संस्थानों से 15 से अधिक प्रमाण पत्र हैं।आपकी पांच पुस्तकें प्रकशित हो चुकी हैं।  पहली पुस्तक 'हम सब लकड़हारे हैं'आपके साहित्यिक अभिलेख सरल, सहज संवाद शैली मे होते हैं।  विस्तृत चिन्तन की भावभूमि पर भारतीय सांस्कृतिक मूल्यो की संरक्षा और उनके प्रति समर्पण का भाव काव्य में सर्वतोभावेन समाहित रहता है। काव्यकर्म की सोद्देश्य स्फुरणा और अन्तर निहित वेदना की समिश्रित अभिव्यक्ति आपके सृजन मे सर्वांग अनूदित होती है। आपका विश्वास काव्य प्रसून की मधुरिम मुस्कान है, जिसमें श्रद्धा, आस्था, मुदिता आदि मानवीयता के औदार्य भावों का शब्द शब्द में  पल्लवन होता रहता है।आपका काव्य यश दीर्घायुष हो ऐसी मंगल कामना है।"
32,हरि शंकर सिंघानिया,हरि शंकर सिंहानिया  को सन २००३ में भारत सरकार द्वारा उद्योग एवं व्यापार के क्षेत्र में पद्म भूषण से सम्मानित किया था। ये दिल्ली राज्य से हैं।
33,हरप्रसाद शास्त्री,"महामहोपाध्याय हरप्रसाद शास्त्री (बांग्ला : হরপ্রসাদ শাস্ত্রী) (6 दिसम्बर 1853 – 17 नवम्बर 1931) भारत के एक शिक्षाशास्त्री, संस्कृत के विद्वान, भारतविद तथा बांग्ला साहित्य के इतिहासकार थे। उनका मूल नाम 'हरप्रसाद भट्टाचार्य' था। वे चर्यापद की खोज के लिये प्रसिद्ध हैं, जो बंगला साहित्य का सबसे प्राचीन उदाहरण है।हरप्रसाद शास्त्री ब्रिटिशकालीन बंगाल के खुलना जिला के  कुमिरा ग्राम में जन्मे थे। तब उनका आदि निवास  उत्तर चौबीस परगना जिला के नैहाटि में था। गाँव के विद्यालय में प्राथमिक शिक्षा अर्जन के पश्चात उन्होंने कलकाता संस्कृत कलेजियेट स्कुल तथा प्रेसिडेन्सि कालेज में अध्ययन किया। कलकाता में वे अपने बड़े भाई नन्दकुमार न्यायचञ्चु तथा बिशिष्ट समाज संस्कारक और पण्डित ईश्वरचन्द्र विद्यासागर के साथ रहे। वर्ष १८७१ में वे प्रवेशिका परीक्षा उत्तीर्ण हुए। १८७३ साल में वे 'फर्स्ट आर्ट्स परीक्षा' उतीर्ण किए। १८७६ साल में बी ए डिग्री अर्जन किए। १८७७ साल में संस्कृत में  साम्मानिक (हॉनर्स) हुए। बाद में एम.ए. परीक्षा पास करके उन्होने 'शास्त्री' की उपाधि प्राप्त की। इस परीक्षा में हरप्रसाद ही प्रथम श्रेणी से उत्तीर्ण एकमात्र छात्र थे।"
34,हरगोविन्द खुराना,"हरगोविंद खुराना (जन्म: ९ जनवरी १९२२ मृत्यु ९ नवंबर २०११) एक नोबेल पुरस्कार[1][2][3] [4] से सम्मानित भारतीय वैज्ञानिक थे।[5]हरगोविंद खुराना एक भारतीय अमेरिकी जैव रसायनज्ञ थे।   विस्कॉन्सिन विश्वविद्यालय,अमरीका  में अनुसन्धान करते हुए , उन्हें  १९६८  में मार्शल डब्ल्यू निरेनबर्ग और रॉबर्ट डब्ल्यू होली के साथ फिजियोलॉजी या मेडिसिन के लिए नोबेल पुरस्कार सयुक्त रूप से मिला ,उनके द्वारा न्यूक्लिक एसिड में न्यूक्लियोटाइड का क्रम खोजा  गया, जिसमें कोशिका के अनुवांशिक कोड होते हैं और प्रोटीन के सेल के संश्लेषण को नियंत्रित करता है । हरगोविंद खुराना और निरेनबर्ग को उसी वर्ष कोलंबिया विश्वविद्यालय से लुइसा ग्रॉस हॉर्वित्ज़ पुरस्कार भी दिया गया था।भारत में पैदा हुए, हरगोविंद खुराना ने उत्तरी अमेरिका में तीन विश्वविद्यालयों के संकाय में कार्य किया। वह १९६६  में संयुक्त राज्य अमेरिका के नागरिक बन गए  और १९८७  में विज्ञान का  राष्ट्रीय पदक प्राप्त किया। [6] [7][8][9]"
35,हयाम वुरुक,"हयाम वुरुक श्री राजसनगर (राज 1350 - 1389) मजापहित साम्राज्य, इंडोनेशिया का सम्राट।उसका प्रधान मन्त्री और सेनापति (महापति) गजह मद था। दूसरा सफल सेनापति आदित्यवर्मन् था।"
36,हम्मीर चौहान,"राणा हम्मीर देव रणस्तम्भपुरा के अंतिम चौहान राजा थेे। उन्हें मुसलमान कालक्रमों और साहित्य में 'हमीर देव' के रूप में भी जाना जाता है। उन्होंने रणथंभोर पर १२८२ से १३०१ तक राज्य किया। वे रणथम्भोर के सबसे महान शासकों में सम्मिलित हैं। हम्मीर देव का कालजयी शासन, चौहान काल की अमर वीरगाथा माना जाता है।[1] हम्मीर देव चौहान को चौहान काल का 'कर्ण' भी कहा जाता है। पृथ्वीराज चौहान के बाद इनका ही नाम भारतीय इतिहास में अत्यन्त महत्व रखता है। राजस्थान के रणथम्भोर साम्राज्य का सर्वाधिक शक्तिशाली एवं प्रतिभा सम्पन्न शासक हम्मीर देव को ही माना जाता है। इस शासक को चौहान वंश का उदित नक्षत्र कहना अतिश्योक्ति नहीं होगा।हम्मीरदेव के महानायकत्व को लेकर अनेक कवियों ने काव्यग्रन्थ रचे हैं, जिनमें नयचन्द्र सूरि द्वारा रचित 'हम्मीर महाकाव्य', जोधराज द्वारा रचित हम्मीर रासो, सुधीर मौर्य कृत 'हम्मीर-हठ', और चन्द्रशेखर द्वारा रचित हम्मीर-हठ प्रमुख हैं।डॉ॰ हरविलास शारदा के अनुसार हम्मीर देव जैत्रसिंह का प्रथम पुत्र था और इनके दो भाई थे जिनके नाम सूरताना देव व बीरमा देव थे। 
डॉक्टर दशरथ शर्मा के अनुसार हम्मीर देव जैत्रसिंह का तीसरा पुत्र था वहीं गोपीनाथ शर्मा के अनुसार सभी पुत्रों में योग्यतम होने के कारण जैत्रसिंह को हम्मीर देव अत्यंत प्रिय था। हम्मीर देव के पिता का नाम जैत्रसिंह चौहान एवं माता का नाम हीरा देवी था। यह महाराजा जैत्रसिंह चौहान के लाडले एवं वीर बेटे थे।"
39,हकीकत राय,हकीकत राय (१७१९–१७३४)[1] एक साहसी था जिसने हिन्दू धर्म के अपमान का प्रतिकार किया और जबरन इस्लाम स्वीकारने के बजाय मृत्यु को गले लगा लिया।वीर हकीकत राय का जन्म 1719 में पंजाब के सियालकोट नगर में हुआ था। वे अपने पिता भागमल के इकलौते पुत्र थे श्री भाग मल व्यापारी थे पर उनकी इच्छा थी कि उनका पुत्र पढ़ लिखकर बड़ा अधिकारी बने इसलिए उन्होंने हकीकत राय को एक मदरसे में फारसी सीखने भेजा।इस मदरसे में पढ़ने वाले अधिकांश छात्र मुसलमान थे और पढ़ाने वाले मौलवी जी थे। अपनी प्रतिभा और कुशाग्र बुद्धि के कारण हकीकत राय ने मौलवी जी का मन जीत लिया। मदरसे से लौटते समय छात्र अनवर और रसीद ने कबड्डी खेलने का आमंत्रण दिया।
40,स्वामी हरिदास,"स्वामी हरिदास (1480-1575)  भक्त कवि[1], शास्त्रीय संगीतकार तथा कृष्णोपासक सखी संप्रदाय के प्रवर्तक थे। इन्हें ललिता सखी का अवतार माना जाता है।  वे वैष्णव भक्त थे तथा उच्च कोटि के संगीतज्ञ भी थे। वे प्राचीन शास्त्रीय संगीत के अद्भुत विद्वान एवम् चतुष् ध्रुपदशैली के रचयिता हैं। प्रसिद्ध गायक तानसेन इनके शिष्य थे। अकबर इनके दर्शन करने वृन्दावन गए थे। ‘केलिमाल’ में इनके सौ से अधिक पद संग्रहित हैं। इनकी वाणी सरस और भावुक है।स्वामी हरिदास का जन्म 1480 में हुआ था। इनके जन्म स्थान और गुरु के विषय में कई मत प्रचलित हैं। राजपुर ग्राम , वृन्दावन (उत्तर प्रदेश) इनका जन्म स्थान माना जाता है।इनका जन्म समय कुछ ज्ञात नहीं है।ये महात्मा वृन्दावन में निंबार्क सखी संप्रदाय के संस्थापक थे और अकबर के समय में एक सिद्ध भक्त और संगीत-कला-कोविद माने जाते थे। कविताकाल सन् 1543 से 1560 ई. ठहरता है। प्रसिद्ध गायनाचार्य तानसेन इनका गुरूवत् सम्मान करते थे।"
41,स्वामी सारदानन्द,"स्वामी सारदानन्द (23 दिसम्वर,1865 -19 अगष्ट, 1927) रामकृष्ण परमहंस के संन्यासी शिष्यों में से एक थे। उनका पूर्वाश्रम का नाम शरतचन्द्र चक्रबर्ती था। रामकृष्ण मिशन की स्थापना के बाद वे इसके प्रथम संपादक बने और मृत्यु तक इस पद पर बने रहे। श्रीमाँ शारदा देवी के रहने के लिए उन्होंने कोलकाता में उद्वोधन भवन का निर्माण करवाया और बांग्ला पत्रिका उद्बोधन का प्रकाशन किया। सारदानन्दने श्रीरामकृष्ण लीलाप्रसंग नामक विख्यात पुस्तक की रचना की।स्वामी सारदानन्द ने रामकृष्ण की प्रामाणिक जीवनी ग्रंथ ""श्रीरामकृष्ण लीलाप्रसंग"" की रचना की।
पाँच खंडों में रचित यह ग्रंथ रामकृष्ण की जीवनीयोँ में सर्वश्रेष्ठ हैँ। इसके अतिरिक्त वे 'भारत में शक्तिपूजा' और 'गीतातत्व' नामक दो पुस्तक भी लिखे।"
43,स्वामी सत्यमित्रानन्द गिरि,"स्वामी सत्यमित्रानन्द गिरि जी (जन्म : १९ सितम्बर १९३२, मृत्युः २५ जून २०१९) एक आध्यात्मिक गुरु थे। उन्हें ज्योतिर्मठ पीठ के जगद्गुरु शंकराचार्य बनाया गया था, किन्तु १९६९ में उन्होंने इस पद को स्वेच्छा से त्याग दिया था। उन्होंने हरिद्वार में भारतमाता मन्दिर की स्थापना की।स्वामी सत्यमित्रानंद गिरि जी का जन्म 19 सिंतबर, 1932 को आगरा में हुआ था. लेकिन स्वामी सत्यमित्रानंद गिरि का परिवार उत्तर प्रदेश के सीतापुर का रहने वाला था. बचपन से ही स्वामी जी की रुचि संन्यास और अध्यात्म में थी. जिसकी वजह से उन्होंने अपना सांसारिक जीवन बहुत कम उम्र में त्याग दिया था. सांसारिक जीवन से संन्यास लेने से पहले लोग उऩ्हें अंबिका प्रसाद पांडेय के नाम से पहचानते थे."
44,स्वामी सच्चिदानंद हरि साक्षी,स्वामी सच्चिदानन्द हरि साक्षी भारत की सोलहवीं लोकसभा में सांसद हैं। 2014 के चुनावों में इन्होंने उत्तर प्रदेश की उन्नाव सीट से भारतीय जनता पार्टी की ओर से भाग लिया।[1]
45,स्वामी श्रद्धानन्द,"स्वामी श्रद्धानन्द सरस्वती (मुंशीराम विज ; 22 फरवरी, 1856 - 23 दिसम्बर, 1926) भारत के शिक्षाविद, स्वतंत्रता संग्राम सेनानी तथा आर्यसमाज के संन्यासी थे जिन्होंने स्वामी दयानन्द सरस्वती की शिक्षाओं का प्रसार किया। वे भारत के उन महान राष्ट्रभक्त सन्यासियों में अग्रणी थे, जिन्होंने अपना जीवन स्वाधीनता, स्वराज्य, शिक्षा तथा वैदिक धर्म के प्रचार-प्रसार के लिए समर्पित कर दिया था। उन्होंने गुरुकुल कांगड़ी विश्वविद्यालय आदि शैक्षणिक संस्थानों की स्थापना की और हिन्दू समाज व भारत  को संगठित करने तथा 1920 के दशक में शुद्धि आन्दोलन चलाने में महती भूमिका अदा की। डॉ भीमराव आम्बेडकर ने सन १९२२ में कहा था कि श्रद्धानन्द अछूतों के ""महानतम और सबसे सच्चे हितैषी"" हैं।[1]स्वामी श्रद्धानन्द (मुंशीराम विज)  का जन्म 22 फरवरी सन् 1856 (फाल्गुन कृष्ण त्र्योदशी, विक्रम संवत् 1913) को पंजाब प्रान्त के जालन्धर जिले के तलवान ग्राम में एक खत्री परिवार में हुआ था। उनके पिता श्री नानकचन्द विज ईस्ट इण्डिया कम्पनी द्वारा शासित यूनाइटेड प्रोविन्स (वर्तमान उत्तर प्रदेश) में पुलिस अधिकारी थे। उनके बचपन का नाम बृहस्पति विज और मुंशीराम विज था, किन्तु मुन्शीराम सरल होने के कारण अधिक प्रचलित हुआ।पिता का स्थानान्तरण अलग-अलग स्थानों पर होने के कारण उनकी आरम्भिक शिक्षा अच्छी प्रकार नहीं हो सकी। लाहौर और जालंधर उनके मुख्य कार्यस्थल रहे। एक बार आर्य समाज के संस्थापक स्वामी दयानन्द सरस्वती वैदिक-धर्म के प्रचारार्थ बरेली पहुंचे। पुलिस अधिकारी नानकचन्द विज अपने पुत्र मुंशीराम विज को साथ लेकर स्वामी दयानन्द सरस्वती जी का प्रवचन सुनने पहुँचे। युवावस्था तक मुंशीराम विज ईश्वर के अस्तित्व में विश्वास नहीं करते थे। लेकिन स्वामी दयानन्द जी के तर्कों और आशीर्वाद ने मुंशीराम विज को दृढ़ ईश्वर विश्वासी तथा वैदिक धर्म का अनन्य भक्त बना दिया।"
46,स्वामी शिवानन्द सरस्वती,"स्वामी शिवानन्द सरस्वती (१८८७-१९६३) वेदान्त के महान आचार्य और सनातन धर्म के विख्यात नेता थे। उनका जन्म तमिल नाडु में हुआ पर संन्यास के पश्चात उन्होंने जीवन ऋषिकेश में व्यतीत किया।स्वामी शिवानन्द का जन्म अप्यायार दीक्षित वंश में 8 सितम्वर 1887 को हुआ था। उन्होने बचपन में ही वेदान्त की अध्ययन और अभ्यास किया। इसके वाद उन्होने चिकित्साविज्ञान का अध्ययन किया। तत्पश्चात उन्होने मलेशिया में डाक्टर के रूप में लोगों की सेवा की। सन् 1924 में चिकित्सा सेवा का त्याग करने के पश्चात ऋषिकेश में बस गये और कठिन आध्यात्मिक साधना की।सन् 1932 में उन्होने शिवानन्दाश्रम और 1936 में दिव्य जीवन संघ की स्थापना की। अध्यात्म, दर्शन और योग पर उन्होने लगभग 300 पुस्तकों की रचना की। 14 जुलाई 1963 को वे महासमाधि लाभ किये।"
47,स्वामी शिवानन्द,स्वामी शिवानन्द (1854-1934) रामकृष्ण मिशन के द्वितीय संघाध्यक्ष थे। उनका पूर्व नाम 'तारकनाथ घोषाल' था। उनके शिष्य उन्हें 'महापुरुष महाराज' के नाम से पुकारते थे।स्वामी शिवानन्द का जन्म पश्चिम बंगाल के 'बरसात' नामक ग्राम में हुआ था।
48,स्वामी वीरेश्वरानन्द,"स्वामी वीरेश्वरानन्द (३१ अक्टूबर १८९२ - १३ मार्च १९८५) रामकृष्ण मठ तथा रामकृष्ण मिशन के दसवें अध्यक्ष थे। उनका मूल नाम 'पाण्डुरंग प्रभु' था।पाण्डुरंग प्रभु का जन्म ३१ अक्टूबर १८९२ को मंगलुरु के निकट गुरुपुर में हुआ था। जब ये छोटे थे तभी इनके पिता जी का देहान्त हो गया, इसलिए इनकी माता जी सभी बच्चों के साथ अपने मायके (मंगलुरु) आ गयीं।उनकी शिक्षा चेन्नै के 'मद्रास लॉ कॉलेज' में हुई जहाँ उन्हें स्वामी विवेकानन्द का सम्पूर्ण साहित्य पढ़ने का अवसर मिला। सन १९१६ में उन्होने बेलूड़ मठ में प्रवेश लिया। शारदा माँ ने उन्हें जून १९१६ में प्रवेश दिया। १२ जनवरी १०२० को उन्होने स्वामी ब्रह्मानन्द से दीक्षा ली। सन्यास की दीक्षा लेने के पश्चात वे वाराणसी में रहे। सन १९२१ में मायावती के अद्वैत आश्रम में भेजा गया। १९२७ में उन्हें अद्वैत आश्रम के अध्यक्ष, १९२९ में रामकृष्ण मठ के ट्रस्टी, १९३८ में रामकृष्ण मठ के सह-सचिव बनाये गये। उन्हें वाराणसी, ओड़ीसा, मद्रास प्रेसिडेन्सी, सिलोन (श्रीलंका) और अन्य स्थानों पर भी भेजा गया।"
49,स्वामी विशुद्धानन्द,"स्वामी विशुद्धानन्द रामकृष्ण मिशन के ८वें अध्यक्ष थे।स्वामी विशुद्धानन्द जी महाराज जिस प्रकार सनातन धर्म के उच्च आध्यात्मिक ज्ञान के ज्वलन्त प्रतीक थे उसी प्रकार नक्षत्र विज्ञान, गन्धविज्ञान, वायुविज्ञान आदि उच्च विज्ञान के भी वे प्रामाणिक उदाहरण हैं। सूर्य रश्मियों के किरण द्वारा संसार के किसी भी कार्य की सृष्टि कर, उन्होंने तत्कालीन अनेक वैज्ञानिक, पत्रकार एवं विख्यात लोगों को दिखाया था, जिससे प्राचीन भारत में उच्चतम वैज्ञानिक ज्ञान का होना प्रमाणित होता है। साथ ही सनातन धर्म में प्रतिपादित सृष्टि सिद्धान्तों की सत्यता भी प्रमाणित होती है क्योंकि उसी ज्ञान के आधार पर स्वामी जी आत्म बल द्वारा एवं विज्ञान द्वारा भौतिक पदार्थों की रचना एवं अन्य आश्चर्यजनक विभूतियों को प्रत्यक्ष दिखाते थे, जो अभी भी वैज्ञानिकों के लिए अकल्पनीय हैं।"
50,स्वामी विवेकानन्द,"स्वामी विवेकानन्द (बांग्ला: স্বামী বিবেকানন্দ, बंगाली उच्चारण सहायता·सूचना) (जन्म: 12 जनवरी 1863 - मृत्यु: 4 जुलाई 1902) वेदान्त के विख्यात और प्रभावशाली आध्यात्मिक गुरु थे। उनका वास्तविक नाम नरेन्द्र नाथ दत्त था। उन्होंने अमेरिका स्थित शिकागो में सन् 1893 में आयोजित विश्व धर्म महासभा में भारत की ओर से सनातन धर्म का प्रतिनिधित्व किया था। भारत का आध्यात्मिकता से परिपूर्ण वेदान्त दर्शन अमेरिका और यूरोप के हर एक देश में स्वामी विवेकानन्द की वक्तृता के कारण ही पहुँचा। उन्होंने रामकृष्ण मिशन की स्थापना की थी जो आज भी अपना काम कर रहा है। वे रामकृष्ण परमहंस के सुयोग्य शिष्य थे। उन्हें 2 मिनट का समय दिया गया था किन्तु उन्हें प्रमुख रूप से उनके भाषण का आरम्भ ""मेरे अमेरिकी बहनों एवं भाइयों"" के साथ करने के लिये जाना जाता है।[4] उनके संबोधन के इस प्रथम वाक्य ने सबका दिल जीत लिया था।कलकत्ता के एक कुलीन बंगाली कायस्थ परिवार में जन्मे विवेकानन्द आध्यात्मिकता की ओर झुके हुए थे। वे अपने गुरु रामकृष्ण देव से काफी प्रभावित थे जिनसे उन्होंने सीखा कि सारे जीवों मे स्वयं परमात्मा का ही अस्तित्व हैं; इसलिए मानव जाति अथेअथ जो मनुष्य दूसरे जरूरतमन्दो की मदद करता है या सेवा द्वारा परमात्मा की भी सेवा की जा सकती है। रामकृष्ण की मृत्यु के बाद विवेकानन्द ने बड़े पैमाने पर भारतीय उपमहाद्वीप की यात्रा की और ब्रिटिश भारत में तत्कालीन स्थितियों का प्रत्यक्ष ज्ञान प्राप्त किया। बाद में विश्व धर्म संसद 1893 में भारत का प्रतिनिधित्व करने, संयुक्त राज्य अमेरिका के लिए प्रस्थान किया। विवेकानन्द ने संयुक्त राज्य अमेरिका, इंग्लैंड और यूरोप में हिंदू दर्शन के सिद्धान्तों का प्रसार किया और कई सार्वजनिक और निजी व्याख्यानों का आयोजन किया। भारत में विवेकानन्द को एक देशभक्त सन्यासी के रूप में माना जाता है और उनके जन्मदिन को राष्ट्रीय युवा दिवस के रूप में मनाया जाता है।[5]एक बार स्वामी विवेकानन्द अपने आश्रम में सो रहे थे। कि तभी एक व्यक्ति उनके पास आया जो कि बहुत दुखी था  और आते ही स्वामी विवेकानन्द के चरणों में गिर पड़ा और बोला महाराज मैं अपने जीवन में खूब मेहनत करता हूँ  हर काम खूब मन लगाकर भी करता हूँ  फिर भी आज तक मैं कभी सफल व्यक्ति नहीं बन पाया। उस व्यक्ति कि बाते सुनकर स्वामी विवेकानंद ने कहा ठीक है। आप मेरे इस पालतू कुत्ते को थोड़ी देर तक घुमाकर लाये तब तक आपके समस्या का समाधान ढूँढ़ता हूँ। इतना कहने के बाद वह व्यक्ति कुत्ते को घुमाने के लिए चला गया। और फिर कुछ समय बीतने के बाद वह व्यक्ति वापस आया। तो स्वामी विवेकानन्द ने उस व्यक्ति से पूछा की यह कुत्ता इतना हाँफ क्यों रहा है। जबकि तुम थोड़े से भी थके हुए नहीं लग रहे हो आखिर ऐसा क्या हुआ ?"
51,स्वामी विरजानन्द,"स्वामी विरजानन्द(1778-1868), एक संस्कृत विद्वान, वैदिक गुरु और आर्य समाज संस्थापक स्वामी दयानन्द सरस्वती के गुरु थे। इनको मथुरा के अंधे गुरु के नाम से भी जाना जाता था।इनका जन्म मोह्याल दत्त परिवार में पंजाब के करतारपुर में 1778 इस्वी में हुआ। इनका बचपन का नाम - वृज लाल था। पाँच साल की उम्र में चेचक के कारण ये पूर्ण अंधे हो गए। 12वें साल में माँ-बाप चल बसे और भाई-भाभी के संरक्षण में कुछ दिन गुजारने के बाद ये घर से विद्याध्ययन के लिए निकल पड़े। कुछ काल तक इधर भटकने के उपरांत ये आध्यात्मिक नगरी के रूप में विख्यात ऋषिकेश आए और कुछ काल ऋषिकेश में रहने के बाद किसी की प्रेरणा से ये हरिद्वार किसी आश्रम में रहने लगे। वहाँ ये स्वामी पूर्णानन्द से मिले। पूर्णानन्द ने इन्हें वैदिक व्याकरण और आर्ष शास्त्रों से अवगत कराया। इसके बाद वे संस्कृत विद्वानों के लिए प्रसिद्ध काशी (बनारस) आए जहाँ 10 सालों तक उन्होंने 6 दर्शनों (वेदान्त, मीमांसा, न्यायादि)तथा आयुर्वेदादि ग्रंथों का अध्ययन किया। इसके बाद गया आए जहाँ उपनिषदों के तुलनात्मक अध्ययन का काम जारी रखा। यहाँ से वे कलकत्ता गए जहाँ अपने संस्कृत ज्ञान के लिए उन्हे प्रशंसा मिली। इसके बाद ये निमंत्रण पर अलवर आए और यहाँ उन्होंने शब्द-बोध ग्रंथ की रचना की। इसकी मूल प्रति अब भी वहाँ के संग्रहालय में रखी है। इसके बाद वे मथुरा में रहे जहाँ उन्होंने पाठशाला स्थापित की। इसमें देश भर से संस्कृत जिज्ञासु आए और राजपूतों की तरफ से दान भी मिले।लगभग इसी समय स्वामी दयानन्द सरस्वती जी सत्य को जानने की अभिलाषा से घर परिवार त्यागकर सच्चे गुरू की खोज में निकल पड़े थे। भारत के अनेक स्थानों का भ्रमण करते हुए वे सन् १८६० में गुरूवर स्वामी विरजानन्द के आश्रम में पहुंचे। जहां उन्हें नई दृष्टि, सद्प्रेरणा और आत्मबल मिला। वर्षों तक भ्रमण करने के बाद जब वे भगवान श्रीकृष्ण की जन्मस्थली मथुरा में गुरू विरजानन्द जी की कुटिया पर पहुंचे तो गुरू विरजानन्द ने उनसे पूछा कि वे कौन हैं। तब स्वामी दयानन्द ने कहा, गुरूवर यही तो जानना चाहता हूं कि वास्तव में, मैं कौन हूं? प्रश्न के उत्तर से संतुष्ट होकर गुरूवर ने दयानन्द को अपना शिष्य बनाया।"
52,स्वामी विपुलानन्द,"स्वामी विपुलानन्द ( तमिल: சுவாமி விபுலாநந்தர்   ) (1892 - 20 जुलाई, 1947), श्रीलंका के पूर्वी प्रांत के एक श्रीलंकाई तमिल हिंदू समाज सुधारक, साहित्यिक आलोचक, लेखक, कवि, शिक्षक और तपस्वी थे । उन्हें  विपुलानंद आदिगल के नाम से भी जाना जाता है। वे श्रीलंका में  रामकृष्ण मिशन से जुड़े एक प्रारंभिक अग्रदूत थे। अन्य सुधारकों के साथ, विपुलानदा ने विभिन्न यूरोपीय शक्तियों द्वारा पिछले 500 वर्षों के औपनिवेशिक शासन के दौरान लंबे समय तक निष्क्रियता और गिरावट के बाद श्रीलंका में हिंदू धर्म और देशी परम्पराओं के पुनरुद्धार में महत्वपूर्ण भूमिका निभाई थी। [1] [2]विपुलानदा का जन्म श्रीलंका के बट्टिकलोआ के दक्षिण में करातिवु गाँव में हुआ था। उनके पिता का नाम स्वामीताम्बी और माता का नाम कन्नम्मा था। उनका जन्म का नाम मायलवगनम था। विपुलानदा की प्रारंभिक शिक्षा बट्टिकलोआ शहर के सेंट माइकल कॉलेज नेशनल स्कूल में हुई। 16 साल की अवस्था में अपनी हाई स्कूल की शिक्षा पूरी करने के बाद, विपुलानन्द सिंहल द्वीप के विभिन्न शहरों में शिक्षन में संलग्न रहे। शिक्षक के रूप में अपने कार्यकाल के दौरान उन्होंने लंदन विश्वविद्यालय से विज्ञान स्नातक की डिग्री पूरी की। वे श्रीलंका के प्रथम  तमिल पंडितार भी थे।  तमिल पंडितार की उपाधि तमिलनाडु स्थित मदुरै तमिल संगम द्वारा प्रदान की जाती है। अंततः वे श्रीलंका में रामकृष्ण मिशन के संचालन के प्रमुख और साथ ही दो विश्वविद्यालयों में तमिल भाषा के प्रोफेसर बने । [1] [2]"
53,स्वामी विज्ञानानंद,रामकृष्ण मिशन के एक साधु थे जो १९३७ में इसके अध्यक्ष बने। वे रामकृष्ण परमहंस के शिष्य थे। उनके ही अध्यक्षीय काल मेम बेलूर में रामकृष्ण मंदिर का निर्माण हुआ। वे मूलतः इंजीनियर थे और संस्कृत के विद्वान थे।उनका जन्म दक्षिणेश्वर के निकट एक धनी ब्राह्मण परिवार में हुआ था। उनका मूल नाम हरिपसन्न चट्टोपाध्याय था। वे उस समय के संयुक्त प्रान्त में जिला इंजीनियर के रूप में पदस्थ थे। संस्कृत में विद्वता के साथ ही वे धार्मिक-दार्शनिक ग्रन्थों तथा ज्योतिष और सिविल इंजीनियरी के भी विशेषज्ञ थे।
54,स्वामी रामानन्द तीर्थ,स्वामी रामानन्द तीर्थ (1903–1972) भारत के शिक्षाविद तथा सामाजिक कार्यकर्ता थे जिन्होने हैदराबाद मुक्ति संग्राम का नेतृत्व किया। वे हैदराबाद प्रदेश कांग्रेस के प्रमुख नेता थे।
55,स्वामी रामतीर्थ,"स्वामी रामतीर्थ (जन्म: २२ अक्टूबर १८७३ - मृत्यु: १७ अक्टूबर १९०६) वेदान्त दर्शन के अनुयायी भारतीय संन्यासी थे।[2]स्वामी रामतीर्थ का जन्म सन् १८७३ की दीपावली के दिन पंजाब के गुजरावालां जिले मुरारीवाला ग्राम में पण्डित हीरानन्द गोस्वामी के एक धर्मनिष्ठ ब्राह्मण परिवार में हुआ था। इनके बचपन का नाम तीर्थराम था। विद्यार्थी जीवन में इन्होंने अनेक कष्टों का सामना किया। भूख और आर्थिक बदहाली के बीच भी उन्होंने अपनी माध्यमिक और फिर उच्च शिक्षा पूरी की। पिता ने बाल्यावस्था में ही उनका विवाह भी कर दिया था। वे उच्च शिक्षा के लिए लाहौर चले गए। सन् १८९१ में पंजाब विश्वविद्यालय की बी० ए० परीक्षा में प्रान्त भर में सर्वप्रथम आये। इसके लिए इन्हें ९० रुपये मासिक की छात्रवृत्ति भी मिली। अपने अत्यंत प्रिय विषय गणित में सर्वोच्च अंकों से एम० ए० उत्तीर्ण कर वे उसी कालेज में गणित के प्रोफेसर नियुक्त हो गए।[3] 
वे अपने वेतन का एक बड़ा हिस्सा निर्धन छात्रों के अध्ययन के लिये दे देते थे। इनका रहन-सहन बहुत ही साधारण था। लाहौर में ही उन्हें स्वामी विवेकानन्द के प्रवचन सुनने तथा सान्निध्य प्राप्त करने का अवसर मिला। उस समय वे पंजाब की सनातन धर्म सभा से जुड़े हुए थे।तुलसी, सूर, नानक, आदि भारतीय सन्त; शम्स तबरेज, मौलाना रूसी आदि सूफी सन्त; गीता, उपनिषद्, षड्दर्शन, योगवासिष्ठ आदि के साथ ही पाश्चात्य विचारवादी और यथार्थवादी दर्शनशास्त्र, तथा इमर्सन, वाल्ट ह्विटमैन, थोरो, हक्सले, डार्विन आदि मनीषियों का साहित्य इन्होंने हृदयंगम किया था।"
56,स्वामी राम,"यह लेख स्वामी राम के बारे में है, स्वामी रामतीर्थ के लिए उस लेख पर जाँय।स्वामी राम (1925–1996) एक योगी थे जिन्होने 'हिमालयन इन्टरनेशनल इन्स्टीट्यूट ऑफ योगा सांइस एण्ड फिलासफी' सहित अनेकानेक संस्थानों की स्थापना की। उन्होने लगभग ४४ सर्वाधिक विक्रीत पुस्तकों की भी रचना की।"
57,स्वामी रंगनाथानन्द,"स्वामी रंगनाथानन्द (1908-2005) रामकृष्ण संघ के एक हिन्दु संन्यासी थे। उनका पूर्व नाम शंकरन कूट्टी था। वे रामकृष्ण मिशन के तेरहवीँ संघध्यक्ष बने थे।स्वामी रंगनाथानन्द का जन्म 15 दिसम्वर,1908 को केरल प्रान्त के त्रिक्कूर गाँव में हुआ था। उनका पूर्व नाम शंकरन कूट्टी था। 1926 में रामकृष्ण के पार्षद स्वामी शिवानन्द से वे मंत्रदीक्षा लाभ किये। 17 साल की उम्र में वे रामकृष्ण संघ में योगदान दिया।"
58,स्वामी योगानन्द,स्वामी योगानन्द रामकृष्ण परमहंस के संन्यासी शिष्यों में से एक थे। वे रामकृष्ण मिशन के प्रथम सह संघाध्यक्ष थे। रामकृष्ण भक्तमंडली में वे योगेन महाराज के नाम से परिचित हैं।
59,भारतीकृष्ण तीर्थ,"भारती कृष्णतीर्थ जी महाराज (14 मार्च 1884 - 2 फ़रवरी 1960) जगन्नाथपुरी के शंकराचार्य थे। शास्त्रोक्त अष्टादश विद्याओं के ज्ञाता, अनेक भाषाओं के प्रकांड पंडित तथा दर्शन के अध्येता पुरी के शंकराचार्य भारती कृष्णतीर्थ जी महाराज ने वैदिक गणित की खोज कर समस्त विश्व को आश्चर्यचकित कर दिया था। वे एक ऐसे अनूठे धर्माचार्य थे जिन्होंने शिक्षा के प्रसार से लेकर स्वदेशी, स्वाधीनता तथा सामाजिक क्रांति में अनूठा योगदान कर पूरे संसार में ख्याति अर्जित की थी।14 मार्च 1884 को तिरुन्निवल्ली में डिप्टी कलेक्टर पी. नृसिंह शास्त्री के पुत्र के रूप में जन्में वेंकटरमण जन्मजात असाधारण प्रतिभा के स्वामी थे। उन्होंने सन्‌ 1904 में एक साथ सात विषयों में एम.ए. किया। साहित्य, भूगोल, इतिहास, संगीत, गणित, ज्योतिष जैसे विषयों में उनकी गहरी पैठ थी।जिन दिनों वे बड़ौदा कॉलेज में विज्ञान तथा गणित के प्राध्यापक थे, उसी कॉलेज में महर्षि अरविंद दर्शनशास्त्र का अध्यापन करते थे। दोनों संपर्क में आए तथा राष्ट्रीय चेतना जागृत कर देश को स्वाधीन कराने के लिए योजना बनाने लगे। सन्‌ 1905 में बंगाल में , आंदोलन ने जोर पकड़ा। वेंकटरमण शास्त्री तथा महर्षि अरविंद दोनों ने कलकत्ता पहुंचकर उसे गति प्रदान की। उनके ओजस्वी तथा तर्कपूर्ण भाषणों से बंगाल का प्रशासन कांप उठा था। वेंकटरमण शास्त्री की रुचि आध्यात्म की ओर बढ़ी तथा उन्होंने शृंगेरी के शंकराचार्य सच्चिदानंद शिवाभिनव नृसिंह सरस्वतीजी महाराज के सानिध्य में कठोरतम योग साधना की। गोवर्धनपीठ, पुरी के शंकराचार्य मधुसूदन तीर्थ ने उन्हें संन्यास दीक्षा देकर वेंकटरमण की जगह भारती कृष्णतीर्थ नामकरण कर दिया।"
60,स्वामी भक्तिसिद्धान्त सरस्वती,"स्वामी भक्तिसिद्धान्त सरस्वती गोस्वामी प्रभुपाद (6  फ़रवरी   1874 – 1 जनवरी 1937) गौडीय वैष्णव सम्प्रदाय के प्रमुख गुरू एवं आध्यात्मिक प्रचारक थे।[कृपया उद्धरण जोड़ें] उन्हें 'भक्तिसिद्धान्त सरस्वती ठाकुर' भी कहते हैं। उनका मूल नाम विमल प्रसाद दत्त था।[कृपया उद्धरण जोड़ें]
श्रीकृष्ण की भक्ति-उपासना के अनन्य प्रचारकों में स्वामी भक्तिसिद्धान्त सरस्वती गोस्वामी का नाम अग्रणी है।[कृपया उद्धरण जोड़ें] उन्हीं से प्रेरणा और आशीर्वाद प्राप्त कर स्वामी भक्तिवेदान्त प्रभुपाद ने पूरे संसार में श्रीकृष्ण भावनामृत संघ की शाखाएं स्थापित कर लाखों व्यक्तियों को हिन्दूधर्म तथा भगवान श्रीकृष्ण का अनन्य भक्त बनाने में सफलता प्राप्त की थी।[कृपया उद्धरण जोड़ें]स्वामी भक्तिसिद्धान्त का जन्म 20 जुलाई 1873 को चैतन्य महाप्रभु की शिष्य परम्परा के महान वैष्णव आचार्य भक्ति विनोद ठाकुर के पुत्र के रूप में जगन्नाथपुरी में हुआ था।[कृपया उद्धरण जोड़ें] गौड़ीय सम्प्रदाय के आचार्य पिताश्री से उन्हें बचपन में ही श्रीकृष्ण भक्ति का प्रसाद मिला था। श्रीमद्भगवद्गीता तथा चैतन्य महाप्रभु के पावन जीवन चरित्र ने उन्हें श्रीकृष्ण भक्ति के प्रचार-प्रसार की प्रेरणा दी।[कृपया उद्धरण जोड़ें]भक्ति सिद्धान्त युवावस्था से ही अंग्रेजी तथा बंगला के प्रभावी वक्ता थे। युवा पीढ़ी विशेषकर उनके व्याख्यान सुनकर मंत्र-मुग्ध हो जाती थी। वे दक्षिणेश्वर मन्दिर जाकर प्राय: स्वामी रामकृष्ण परमहंस तथा स्वामी विवेकानन्द के सान्निध्य का लाभ उठाते थे।[कृपया उद्धरण जोड़ें]"
62,स्वामी ब्रह्मानन्द,"स्वामी ब्रह्मानन्द (21 जनवरी 1863 - 10 अप्रैल 1922) रामकृष्ण मिशन के प्रथम संघाध्यक्ष थे। उनका पूर्वाश्रम नाम 'राखाल चन्द्र घोष' था। रामकृष्ण परमहंस ने उन्हें मानस-पुत्र के रूप में ग्रहण किया। भक्त मंडली में वे 'राजा महाराज' के नाम से जाने जाते हैं।स्वामी ब्रह्मानन्द का जन्म 21 जनवरी,1863 को कोलकाता के निकट स्थित शिकरा नामक ग्राम में हुआ। उनका पूर्व नाम था राखालचन्द्र घोष। पिता आनन्द मोहन घोष के वे बड़े बेटे थे। किशोर उम्र में ही उनका विवाह करवा दिया गया था।बारह वर्ष की उम्र में उच्चशिक्षा के लिए वे कोलकाता आये। यहीँ पर उनकी मित्रता नरेन्द्रनाथ से हुआ।
प्रेमघनविग्रह श्रीरामकृष्ण के आकर्षण से उनका आगमन दक्षिणेश्वर में हुआ था।श्रीरामकृष्ण ने राखाल को अपना मानस पुत्र के रूप में ग्रहण किये थे।"
63,स्वामी प्रसाद मौर्य,"बहुजन समाज पार्टी (1996- 2016)
भारतीय जनता पार्टी (2016- 2022)स्वामी प्रसाद मौर्या,भारत के उत्तर प्रदेश की सोलहवीं विधानसभा सभा में विधायक रहे। 2012 उत्तर प्रदेश विधान सभा चुनाव में इन्होंने उत्तर प्रदेश की पडरौना विधान सभा निर्वाचन क्षेत्र (निर्वाचन संख्या-330) से चुनाव जीता। वह कोइरी समुदाय से है[7]2022 में स्वामी प्रसाद मौर्य ने कैबिनेट मंत्री पद से इस्तीफा दे दिया था जिसके तुरंत बाद  उन्होंने भारतीय जनता पार्टी (बीजेपी) का साथ छोड़कर समाजवादी पार्टी (सपा) ज्वॉइन कर लिया थी [8]|"
64,स्वामी प्रणवानन्द,"स्वामी प्रणवानन्द (14 मई १८९६ - १९४१) एक सन्त थे जिन्होने भारत सेवाश्रम संघ की स्थापना की। उन्होने भारत के स्वतन्त्रता आन्दोलन में भी भाग लिया। वे बाबा गंभीरनाथ जी के शिष्य थे। सन् १९१७ में उन्होने भारत सेवाश्रम संघ की स्थापना की। उनके अनुयायी उन्हे भगवान शिव का अवतार मानते हैं।स्वामी प्रणवानन्द का जन्म बंगाल के बाजितपुर गांव में हुआ था जो अब बांग्लादेश में है। उनके बचपन का नाम बिनोद था। उनके पिता विष्णुचरण दास एवं माता शारदा देवी शिवभक्त थे। बचपन से ही वे गहन चिन्तन करते-करते ध्यान-मग्न हो जाते थे। जैसे-जैसे वे बड़े होते गये, उनके ध्यान का समय भी बढ़ता गया। घर वालों ने उन्हें गांव की पाठशाला में भेज दिया। वहां भी वे ध्यानमग्न ही रहते थे। पाठशाला की पढ़ाई खत्म होने पर उन्हें एक अंग्रेजी विद्यालय में भेजा गया। वे कक्षा में सदा अन्तिम पंक्ति में बैठते थे और नाम पुकारने पर ऐसे बोलते थे, जैसे नींद से जागे हों। उन्हें शोर और शरारत पसन्द नहीं थी; पर बुद्धिमान होने के कारण वे सब बच्चों और अध्यापकों के प्रिय थे। बलिष्ठ होने के कारण खेलकूद में हर कोई उन्हें अपने दल में रखना चाहता था।क्रान्तिकारियों से उनका सम्पर्क था जिसके कारण उन्हें कई महीने जेल में भी रहना पड़ा। वे अपने विप्लवी प्राचार्य सन्तोष दत्त से प्रायः सन्यास की बात कहते थे। इस पर प्राचार्य ने उन्हें गोरखपुर के बाबा गम्भीरनाथ के पास भेजा जहाँ उन्हे 1913 ई. में विजयादशमी के दूसरे दिन ब्रह्मचारी की दीक्षा दी। अब तो वे घंटों तक समाधि में पड़े रहते। उनके गुरुजी ही उन्हें बुलाकर कुछ खिला देते थे। आठ महीने बाद गुरुजी के आदेश से वे काशी आये और फिर अपने घर लौट गये। उन्हें 1916 ई. में माघ पूर्णिमा को शिव तत्व की प्राप्ति हुई। इसके एक साल बाद उन्होंने गरीब, भूखों, असहाय और पीड़ितों की सहायता के लिए बाजिदपुर में आश्रम स्थापित किया। सन 1919 में बंगाल में आये भीषण चक्रवात में उन्होंने व्यापक सहायता कार्य चलाया। उनका दूसरा आश्रम मदारीपुर में बना।"
67,स्वामी निगमानन्द परमहंस,"स्वामी निगमानन्द परमहंस (18 अगस्त 1880 - 29 नवम्बर 1935) भारत के एक महान सन्यासी ब सदगुरु थे।[1] उनके शिश्य लोगं उन्हें आदरपूर्वक श्री श्री ठाकुर बुलाते हैं। ऐसा माना जाता है की स्वामी निगमानंद ने तंत्र, ज्ञान, योग और प्रेम(भक्ति) जैशे चतुर्विध साधना में सिद्धि प्राप्त की थी, साथ साथ में कठिन समाधी जैसे निर्विकल्प समाधी का भी अनुभूति लाभ किया था। उनके इन साधना अनुभूति से बे पांच प्रसिध ग्रन्थ यथा ब्रह्मचर्य साधन, योगिगुरु, ज्ञानीगुरु, तांत्रिकगुरु और प्रेमिकगुरु बंगला भाषा में प्रणयन किये थे।[2]
उन्होंने असाम बंगीय सारस्वत मठ जोरहट जिला[3][4] और नीलाचल सारस्वत संघ पूरी जिला में स्थापना की थी जो आज भी अपना काम कर रहा है।[5][6] 
उन्होने सारे साधना मात्र तिन साल में (1902-1905) समाप्त कर लिया था और परमहंस श्रीमद स्वामी निगमानंद सारस्वती देव के नाम से विख्यात हुए।स्वामी निगमानन्द का जन्म तत्कालीन नदिया जिला (अब बंगलादेश का मेहरपुर जिला) के कुतबपुर में एक ब्राह्मण परिवार में हुआ था।[1] उनके बचपन का नाम नलिनीकांत था।[2] उनके पिता भुबन मोहन भट्टाचार्य एक सरल अध्यात्मिक ब्यक्ति के नाम से सुपरिचित थे। बचपन में ही उनकी मां, माणिक्य सुंदरी, का स्वर्गबास हुआ था।सत्रह बर्ष की आयु में हलिसहर निबसी स्वर्गीय बैद्यनाथ मुखोपाधाय की जेष्ठ कन्या एकादस वर्षीय सुधांशुबाला के साथ नलिनीकांत का बिबाह सम्पर्न हुआ।[1] इस बिच नलिनीकांत ने सर्भे स्कूल का पाठक्रम पूरा करके ओबरसिअर की नौकरी की। [1] उनके बाद उन्होंने दीनाजपुर जमीदारी के अंतर्गत नारायणपुर में नौकरी शुरु की। एक दिन साम को नारायणपुर कचहरी में कार्यरत रहते समय सुधादेवी (उनकी पत्नी) की छायामूर्ति देखकर बह चौंक उठे। कुछ देर बाद बह मूर्ति गायब हो गई।[1] बाद में गांब पहंच कर पता चला कि सुधादेवी इस संसार में नही रहीं। इस घटना से उनमे परलोग के प्रति बिश्वास पैदा हुआ क़ी मृत्यु के साथ परलोग का घनिष्ठ संबंध है। इस मृत्यु और परलोग तत्त्व को जानने केलिए उन्होंने मद्रास स्थित थिओसफि संप्रदाय में शामिल हो कर बह बिद्या सीखी।[1] बह दिबंगत सुधांशुबाला को प्रत्यक्ष रूप में देखना चाहते थे। इसलिए मीडियम के भीतर उनकी आत्मा को लाकर आत्मा के प्रत्यक्ष दर्शन ना होनेसे नलिनीकांत तृप्त नहीं हो पाये। अभ्यास करते समय उन्हें पता चला कि हिन्दू योगियों की कृपा से उन्हें प्रत्यक्ष ज्ञान की प्राप्ति होगी। इसलिए नलिनीकांत मद्रास से लौटकर हिन्दूयोगियों की खोज में लग गये।"
68,स्वामी त्रिगुणातीतानन्द,"त्रिगुणातीतानन्द (30 जनवरी 1865 - 10 जनवरी 1915), पूर्व मठवासी नाम शारदा प्रसन्ना मित्रा,  रामकृष्ण परमहंस के प्रत्यक्ष शिष्य थे।  उन्होंने रामकृष्ण मठ की मासिक बंगाली पत्रिका उद्बोधन की स्थापना की और बाद में, स्वामी विवेकानंद के कहने पर, 1902 में अमेरिका गए और सैन फ्रांसिस्को केंद्र का कार्यभार संभाला।"
69,स्वामी चिन्मयानंद,"स्वामी चिन्मयानन्द (8 मई 1916 - 3 अगस्त 1993) हिन्दू धर्म और संस्कृति के मूलभूत सिद्धान्त वेदान्त दर्शन के एक महान प्रवक्ता थे। उन्होंने सारे भारत में भ्रमण करते हुए देखा कि देश में धर्म संबंधी अनेक भ्रांतियां फैली हैं। उनका निवारण कर शुद्ध धर्म की स्थापना करने के लिए उन्होंने गीता ज्ञान-यज्ञ प्रारम्भ किया और 1953 ई में चिन्मय मिशन की स्थापना की।स्वामी जी के प्रवचन बड़े ही तर्कसंगत और प्रेरणादायी होते थे। उनको सुनने के लिए हजारों लोग आने लगे। उन्होंने सैकड़ों संन्यासी और ब्रह्मचारी प्रशिक्षित किये। हजारों स्वाध्याय मंडल स्थापित किये। बहुत से सामाजिक सेवा के कार्य प्रारम्भ किये, जैसे विद्यालय, अस्पताल आदि। स्वामी जी ने उपनिषद्, गीता और आदि शंकराचार्य के 35 से अधिक ग्रंथों पर व्याख्यायें लिखीं। गीता पर लिखा उनका भाष्य सर्वोत्तम माना जाता है।स्वामी चिन्मयानन्द जी का जन्म 8 मई 1916 को दक्षिण भारत के केरल प्रान्त में एक संभ्रांत परिवार में हुआ था। उनके बचपन का नाम बालकृष्ण था। उनके पिता न्याय विभाग में एक न्यायाधीश थे। उनकी प्रारम्भिक शिक्षा पाँच वर्ष की आयु में स्थानीय विद्यालय श्री राम वर्मा ब्याज स्कूल में हुई। उनकी मुख्य भाषा अंग्रेजी थी उनकी बुद्धि तीव्र थी और पढ़ने मे होशियार थे। उनकी गिनती आदर्श छात्रों मे थी।"
71,स्वामी चिदानन्द सरस्वती,"स्वामी चिदानन्द सरस्वती एक हिन्दू आध्यात्मिक गुरू एवं सन्त हैं। वे मुनि की रेती स्थित परमार्थ निकेतन आश्रम के संस्थापक अध्यक्ष हैं। वे भारतीय संस्कृति शोध प्रतिष्ठान, ऋषिकेश तथा पिट्सबर्ग (Pittsburgh) के हिन्दू-जैन मन्दिर के भी संस्थापक एवं अध्यक्ष हैं। उनकी प्रेरणा से सन् २०१२ में हिन्दू धर्म का विश्वकोश निर्मित हुआ।"
72,स्वामी घनानन्द,"स्वामी घनानन्द घाना, अफ्रीका में हिन्दू मठ के प्रणेता है। वह मूल अफ्रीकी हैं।"
73,स्वामी कल्याणदेव,"स्वामी कल्याणदेव  (1876 - 14 जुलाई, 2004) भारत के एक संन्यासी थे। अपने संयासी जीवन मे स्वामी जी ने 300 शिक्षण संस्थाओं का निर्माण कराया। साथ ही कृषि केन्द्रों, वृ़द्ध आश्रमों, चिकित्सालय, आदि का निर्माण कराकर समाज मे अपनी उत्कृष्ट छाप छोडी। उन्हें सन २००० में भारत सरकार ने समाज सेवा क्षेत्र में पद्म भूषण से सम्मानित किया था।[1]स्वामी कल्याण देव महाराज का जन्म वर्ष 1876 मे जिला बागपत के गांव कोताना मे उनकी ननिहाल मे हुआ था। उनका पैतृक गांव कस्बा सिसौली के पास मुंडभर है। उनके पिता का नाम फेरु दत्त तथा माता का भोई देवी था। परिवार में संत-महात्मा आते थे, सत्संग और यज्ञ होता था। तीन भाइयों राजा राम, रिसाल सिंह में कालूराम सबसे छोटे थे। बचपन में रामायण सुनकर वैराग्य हो गया। दस-बारह बरस की उम्र में साधु मंडली के साथ अयोध्या, काशी, प्रयाग घूमे।वर्ष 1900 में मुनि की रेती, ऋषिकेश में स्वामी पूर्णानन्द से संन्यास की दीक्षा ली। गुरु ने कालूराम को स्वामी कल्याणदेव नाम दिया। घर त्यागने के बाद वे कभी अपने गांव नहीं गए और न जीवन में माता-पिता से मिले।"
74,स्वामी करपात्री,"धर्मसम्राट स्वामी करपात्री (१९०७ - १९८२) भारत के एक सन्त, स्वतंत्रता संग्राम सेनानी एवं राजनेता थे। उनका मूल नाम हरि नारायण ओझा था। वे दशनामी परम्परा के संन्यासी थे। दीक्षा के उपरान्त उनका नाम 'हरिहरानन्द सरस्वती' था किन्तु वे 'करपात्री' नाम से ही प्रसिद्ध थे क्योंकि वे अपने अंजुलि का उपयोग खाने के बर्तन की तरह करते थे (कर = हाथ , पात्र = बर्तन, करपात्री = हाथ ही बर्तन हैं जिसके) । उन्होने अखिल भारतीय राम राज्य परिषद नामक राजनैतिक दल भी बनाया था। धर्मशास्त्रों में इनकी अद्वितीय एवं अतुलनीय विद्वता को देखते हुए इन्हें 'धर्मसम्राट' की उपाधि प्रदान की गई।स्वामी जी की स्मरण शक्ति इतनी तीव्र थी कि एक बार कोई चीज पढ़ लेने के वर्षों बाद भी बता देते थे कि ये अमुक पुस्तक के अमुक पृष्ठ पर अमुक रूप में लिखा हुआ है। आज जो रामराज्य सम्बन्धी विचार गांधी दर्शन तक में दिखाई देते हैं, धर्म संघ, रामराज्य परिषद्, राममंदिर आन्दोलन, धर्म सापेक्ष राज्य, आदि सभी के मूल में स्वामी जी ही हैं।स्वामी करपात्री का जन्म सम्वत् 1964 विक्रमी (सन् 1907 ईस्वी) में श्रावण मास, शुक्ल पक्ष, द्वितीया को उत्तर प्रदेश के प्रतापगढ़ जिले के भटनी ग्राम में सनातनधर्मी सरयूपारीण ब्राह्मण रामनिधि ओझा एवं श्रीमती शिवरानी जी के आँगन में हुआ। बचपन में उनका नाम 'हरि नारायण' रखा गया।"
75,स्वामी इन्द्रवेश,"स्वामी इन्द्रवेश (१९३७ - १२ जून २००६) सामाजिक कार्यकर्ता, आर्य समाज के नेता एवं सांसद थे। उन्होने शिक्षा के क्षेत्र में उल्लेखनीय कार्य किया। आर्यसमाज में निश्चय ही उनसे अधिक विद्वान, मनीषी, वाक्चातुर्य में निपुण, साहित्य रचयिता, वेदभाष्यकार, शास्त्रार्थ महारथी, कुशल राजनीतिज्ञ, महावक्ता, संगठन में वर्चस्वी नायक कोई भले रहा हो जिसने आर्यसमाज के कीर्तिध्वज को व्योम या क्षितिज पर लहराया हो और लोकैषणा के अन्तिम छोर को जा छूआ हो ; लेकिन स्वामी इन्द्रवेश जी को इस दृष्टि से मूर्धन्य माना जायेगा कि उन्होंने जीवन-भर चुनौतियों का सामुख्य किया, आँधियों को झेला, काँटों भरा रास्ता चुना, खुद को संघर्ष का पर्याय बनाकर जीवन में चरैवेति-चरैवेति के आदर्श को मूर्तिमत किया।स्वामी इन्द्रवेश का जन्म हरियाणा के सन्दना गाँव में सन् १९३७ में हुआ था। बचपन में ही वे स्वामी दयानन्द सरस्वती के विचारों से प्रभावित हुए। वे झज्जर के गुरुकुल में स्वामी ओमानन्द सरस्वती के शिष्य थे। आचार्य बनने के बाद वे वहीं शिक्षण कार्य करने लगे।"
76,स्वामी आनन्द,"स्वामी आनन्द (1887 - 1976) एक सन्त, गाँधीवादी कार्यकर्ता तथा गुजराती लेखक थे। वे नवजीवन और यंग इण्डिया आदि गांधी के प्रकाशनों के प्रबन्धक थे। इनके द्वारा रचित एक रेखाचित्र कुलकथाओ के लिये उन्हें सन् १९६९ में साहित्य अकादमी पुरस्कार (गुजराती) से सम्मानित किया गया।<ref name=""sahitya"">""अकादमी पुरस्कार"". साहित्य अकादमी. मूल से 15 सितंबर 2016 को पुरालेखित. अभिगमन तिथि 11 सितंबर 2016..mw-parser-output cite.citation{font-style:inherit}.mw-parser-output .citation q{quotes:""\""""""\""""""'""""'""}.mw-parser-output .id-lock-free a,.mw-parser-output .citation .cs1-lock-free a{background-image:url(""//upload.wikimedia.org/wikipedia/commons/thumb/6/65/Lock-green.svg/9px-Lock-green.svg.png"");background-image:linear-gradient(transparent,transparent),url(""//upload.wikimedia.org/wikipedia/commons/6/65/Lock-green.svg"");background-repeat:no-repeat;background-size:9px;background-position:right .1em center}.mw-parser-output .id-lock-limited a,.mw-parser-output .id-lock-registration a,.mw-parser-output .citation .cs1-lock-limited a,.mw-parser-output .citation .cs1-lock-registration a{background-image:url(""//upload.wikimedia.org/wikipedia/commons/thumb/d/d6/Lock-gray-alt-2.svg/9px-Lock-gray-alt-2.svg.png"");background-image:linear-gradient(transparent,transparent),url(""//upload.wikimedia.org/wikipedia/commons/d/d6/Lock-gray-alt-2.svg"");background-repeat:no-repeat;background-size:9px;background-position:right .1em center}.mw-parser-output .id-lock-subscription a,.mw-parser-output .citation .cs1-lock-subscription a{background-image:url(""//upload.wikimedia.org/wikipedia/commons/thumb/a/aa/Lock-red-alt-2.svg/9px-Lock-red-alt-2.svg.png"");background-image:linear-gradient(transparent,transparent),url(""//upload.wikimedia.org/wikipedia/commons/a/aa/Lock-red-alt-2.svg"");background-repeat:no-repeat;background-size:9px;background-position:right .1em center}.mw-parser-output .cs1-subscription,.mw-parser-output .cs1-registration{color:#555}.mw-parser-output .cs1-subscription span,.mw-parser-output .cs1-registration span{border-bottom:1px dotted;cursor:help}.mw-parser-output .cs1-ws-icon a{background-image:url(""//upload.wikimedia.org/wikipedia/commons/thumb/4/4c/Wikisource-logo.svg/12px-Wikisource-logo.svg.png"");background-image:linear-gradient(transparent,transparent),url(""//upload.wikimedia.org/wikipedia/commons/4/4c/Wikisource-logo.svg"");background-repeat:no-repeat;background-size:12px;background-position:right .1em center}.mw-parser-output code.cs1-code{color:inherit;background:inherit;border:inherit;padding:inherit}.mw-parser-output .cs1-hidden-error{display:none;font-size:100%}.mw-parser-output .cs1-visible-error{font-size:100%}.mw-parser-output .cs1-maint{display:none;color:#33aa33;margin-left:0.3em}.mw-parser-output .cs1-subscription,.mw-parser-output .cs1-registration,.mw-parser-output .cs1-format{font-size:95%}.mw-parser-output .cs1-kern-left,.mw-parser-output .cs1-kern-wl-left{padding-left:0.2em}.mw-parser-output .cs1-kern-right,.mw-parser-output .cs1-kern-wl-right{padding-right:0.2em}.mw-parser-output .citation .mw-selflink{font-weight:inherit}</ref स्वामी आनंदने 'बर्फ के रास्ते बद्रीनाथ' पुस्तक लिखी थी।"
78,स्वामी अद्भुतानन्द,"स्वामी अद्भुतानन्द (? - 28 अप्रेल,1920) श्रीरामकृष्ण के सन्यासी शिष्योँ में से एक थे। उनका सन्यासपूर्व नाम था 'राखतुराम'। रामकृष्ण भक्त मंडली में वे 'लाटू महाराज' के नाम से जाने जाते हैं।अद्भुतानन्द का जन्म बिहार के छपरा जिला में एक गरीव परिवार में हुआ। पाँच वर्ष की उम्र में अपने मातापिता के देहान्त के बाद वे अनाथ हो गये। कर्म संस्थान के लिए वे कोलकाता पहुँचे और रामकृष्ण के गृही भक्त रामचन्द्र दत्त के परिवार में नौकर के रूप में काम करने लगे।लाठू अपने मालिक रामचन्द्र के साथ 1880 में पहली बार दक्षिणेश्वर आए। इसके बाद वे श्रीरामकृष्ण के सेवक बन गये। श्रीरामकृष्ण के निकट आनेबाले सन्यासी शिष्योँ में लाटू प्रथम थे।"
79,स्वामी अखण्डानन्द,"स्वामी अखण्डानन्द (1864–1937) रामकृष्ण मिशन के एक संन्यासी थे जिन्होने रामकृष्ण परमहंस से प्रत्यक्ष शिक्षा पायी थी। वे रामक्र्ष्ण मिशन के तृतीय अध्यक्ष रहे।अखण्डानन्द का जन्म 30 सितंबर 1864 को पश्चिमी कोलकाता के अहिरिटोला इलाके में श्रीमंत गंगोपाध्याय और वामसुंदरी देवी के यहाँ हुआ था। वह एक सम्मानित ब्राह्मण परिवार था। उनका मूल नाम गंगाधर घटक (गंगोपाध्याय) था। |वह प्रकृति से रूढ़िवादी थे और रामकृष्ण ने उन्हें ""पुरातनी"" के रूप में उन्हें समझा था। [1] बचपन से ही गंगाधर इतने दयालु थे कि उन्होंने एक बार एक गरीब सहपाठी को अपनी कमीज दे दी थी क्योंकि उसकी कमीज फटी हुई थी। अपने माता-पिता को बताए बिना, वह भिखारियों को भोजन देते थे।  वह एक प्रबल नैतिकतावादी थे और सदा अपने स्वच्छंद दोस्तों की मदद करता था।गंगाधर बचपन में एक जिंदादिल, सुंदर बालक थे। अद्भुत स्मृति के धनी थे। उन्होने एक दिन में ही अंग्रेजी वर्णमाला को कण्ठाग्र कर लिया।  १८८४ में वे पहली बार दक्षिणेश्वर मंदिर में रामकृष्ण परमहंस मिले थे। उस समय वे केवल १९ वर्ष के थे। बाद में उन्होने उन्हें अपने गुरु के रूप में अपनाया। उस समय वे अपने मित्र हरिनाथ (बाद में तुरियानंद ) के साथ रामकृष्ण से मिलने गए थे। उन्होंने पहली बार बहुत कम उम्र में रामकृष्ण को दीनानाथ बोस के घर में देखा था। [2] रामकृष्ण नहीं चाहते थे कि वे रूढ़िवादी हों और इसलिए उन्होंने नरेंद्रनाथ दत्त (बाद में विवेकानंद ) से उनका परिचय कराया। गंगाधर नरेन्द्रनाथ से बहुत प्रभावित थे और उनके प्रति समर्पित हो गए, एक भक्ति जो उनके जीवन भर चली और जिसने बाद में उन्हें आध्यात्मिक प्रथाओं पर प्राथमिक कार्य के रूप में सेवा करने के लिए प्रेरित किया। दक्षिणेश्वर की अपनी यात्रा के दौरान, गंगाधर ने रामकृष्ण से ध्यान के निर्देश प्राप्त किए। [3]"
80,स्वामिनारायण,"स्वामिनारायण या सहजानन्द स्वामी (२ अप्रैल १७८१ - १ जून १८३०), हिंदू धर्म के स्वामिनारायण संप्रदाय के संस्थापक थे। भागवत पुराण और स्कंद पुराण ओर पद्मपुराण में  स्वामिनारायण के अवतार का संकेत है।[2] | स्वामिनारायण की शिक्षापत्री स्वामिनारायण सम्प्रदाय का मूल ग्रन्थ है।भगवान श्री स्वामिनारायण सर्व अवतारों के अवतारी है। 3 अप्रैल 1781 (चैत्र शुक्ल 9, वि.संवत 1837) को श्रीराम की जन्मभूमि अयोध्या के पास गोण्डा जिले के छपिया ग्राम में उनका इस पृथ्वी पर अवतरण हुआ। रामनवमी होने से सम्पूर्ण क्षेत्र में पर्व का माहौल था। पिता श्री हरिप्रसाद व माता भक्तिदेवी ने उनका नाम घनश्याम रखा। बालक के हाथ में पद्म और पैर से बज्र, ऊर्ध्वरेखा तथा कमल का चिन्ह देखकर ज्योतिषियों ने कह दिया कि यह बालक लाखों लोगों के जीवन को सही दिशा देगा।पांच वर्ष की अवस्था में बालक को अक्षरज्ञान दिया गया। आठ वर्ष का होने पर उसका जनेऊ संस्कार हुआ। छोटी अवस्था में ही उसने अनेक शास्त्रों का अध्ययन कर लिया। जब वह केवल 11 वर्ष का था, तो माता व पिताजी का देहांत हो गया। कुछ समय बाद लोगो के कल्याण के हेतु उन्होंने घर छोड़ दिया और अगले सात साल तक पूरे देश की परिक्रमा की। अब लोग उन्हें नीलकंठवर्णी कहने लगे। इस दौरान उन्होंने गोपालयोगी से अष्टांग योग सीखा। वे उत्तर में हिमालय, दक्षिण में कांची, श्रीरंगपुर, रामेश्वरम् आदि तक गये। इसके बाद पंढरपुर व नासिक होते हुए वे गुजरात आ गये।"
81,स्वात्माराम,स्वात्माराम १५वीं-१६वीं शताब्दी के एक योगी थे। उन्होने हठयोग प्रदीपिका नामक ग्रन्थ का संकलन किया जो हठयोग का प्रसिद्ध ग्रन्थ है। गुरु गोरखनाथ सम्भवतः स्वात्माराम के गुरु थे।
82,स्वातितिरुनाल बालराम वर्मा,"श्री स्वाति तिरुनाल बालराम वर्मा (मलयालम: ശ്രീ സ്വാതി തിരുനാള്‍ രാമ വര്‍മ)(तमिल:சிறி சுவாதித் திருநாள் இராம வருமா (16 अप्रैल, 1813 – 27 दिसम्बर 1846) त्रावणकोर के महाराजा थे। योग्य शासक होने के साथ-साथ वे संगीतज्ञ भी थे। उन्होने भारत की दोनों शास्त्रीय संगीत शैलियों - हिन्दुस्तानी संगीत और कर्नाटक संगीत को बढ़ावा दिया, यद्यपि वे स्व्यं कर्नातक संगीत के ज्ञाता थे। उन्होने ४०० से अधिक संगीत रचनाएँ की। वे मलयालम, संस्कृत, हिन्दी, मराठी, तेलुगु, कन्नड, बांग्ला, तमिल, ओडिया और अंग्रेजी सहित कई भाषाओं में धाराप्रवाह बोल सकते थे।श्री स्वाति तिरुनाल बालराम वर्मा ने ही तिरुअनन्तपुरम की खगोलीय वेधशाला, सरकारी प्रेस, त्रिवेन्द्रम जनता पुस्तकालय, पौर्वात्य पाण्डुलिपि संग्रहालय (Oriental Manuscript Library) आदि का आरम्भ किया। महाराजा सन् १८४३ से रॉयल एशियाटिक सोसायटी के सम्मानित सदस्य भी थे।महाराजा ने दक्षिण भारतीय भाषाओं के साथ हिंदी में पद्य-रचना की जिनकी गणना आधुनिक हिन्दी की आरम्भिक रचनाओं में है।"
83,स्वर्णकुमारी देवी,"स्वर्णकुमारी देवी (बांग्ला: স্বর্ণকুমারী দেবী; 28 अगस्त 1855 – 3 जुलाई 1932) भारत की बांग्ला कवयित्री, उपन्यासकार, और सामाजिक कार्यकर्ता, थीं। [1][2] बंगाल के महिला लेखिकाओं में ख्याति प्राप्त करने वाली वे पहली महिला थीं।[3]"
84,स्वरूपानंद सरस्वती,"शंकराचार्य स्वामी श्री स्वरूपा नंद सरस्वती महाराज (जन्म: 2 सितम्बर 1924 – मृत्यु: 11 सितम्बर 2022) एक हिन्दू अध्यात्मिक गुरु, शंकराचार्य और स्वतन्त्रता सेनानी थे।[1]स्वामी स्वरूपानंद सरस्वती का जन्म 2 सितम्बर 1924 को मध्य प्रदेश राज्य के सिवनी के दिघोरी गांव में ब्राह्मण परिवार में पिता श्री धनपति उपाध्याय और मां श्रीमती गिरिजा देवी के यहां हुआ।
माता-पिता ने इनका नाम पोथीराम उपाध्याय रखा।नौ वर्ष की उम्र में उन्होंने घर छोड़ कर धर्म यात्रायें प्रारम्भ कर दी थीं। इस दौरान वह काशी पहुंचे और 
यहां उन्होंने ब्रह्मलीन श्री स्वामी करपात्री महाराज वेद-वेदांग, शास्त्रों की शिक्षा ली।"
85,स्वराज पॉल,"स्वराज पॉल, बैरन पॉल, पीसी (18 फ़रवरी 1931 को जन्म) एक भारतीय मूल के, ब्रिटिश आधारित दिग्गज उद्योगपति, समाजसेवी और लेबर राजनीतिज्ञ हैं। 1996 में वे एक लाइफ पीयर बने, वे सिटी ऑफ़ वेस्टमिनिस्टर में बैरन पॉल की उपाधि के साथ मालेबन के हाउज़ ऑफ़ लॉर्ड्स में बैठे. दिसंबर 2008 में उन्हें लॉर्ड्स का उपप्रवक्ता नियुक्त किया गया; अक्टूबर 2009 में वे प्रिवी परिषद में नियुक्त किए गए; उसके तुरंत बाद उन्हें अपने पूर्व पद से हटने की आवश्यकता हुई जिसका कारण था यूनाइटेड किंगडम संसदीय खर्च घोटाला, वित्तीय अनौचित्य का इलज़ाम और अंततः आचार और विशेषाधिकार समिति द्वारा उनकी निंदा. वे गॉर्डन ब्राउन और उनकी पत्नी सारा के करीबी हैं।उनकी अधिकारीक जीवनी के अनुसार, स्वराज पॉल का जन्म 1931 में जालंधर पंजाब में हुआ था। उनके पिता एक छोटा सा ढलाईघर चलाते थे, जिसमें वे स्टील की बाल्टी और खेती के उपकरण बनाते थे।[2] पॉल ने लाहौर में फोरमैन क्रिश्चियन कॉलेज में शिक्षा प्राप्त की और बाद में अमेरिका में मैसाचुसेट्स प्रौद्योगिकी संस्थान (एमआईटी) से मैकेनिकल इंजीनियरिंग में मास्टर डिग्री प्राप्त की.[3]वे भारत में एपीजे समूह के लिए काम करते थे, जो उनके बड़े भाई सत्य पॉल द्वारा प्रबंधित थी। उन्होंने एपीजे ओवरसीज़ का प्रबन्धन अपने हाथों में ले लिया।[कृपया उद्धरण जोड़ें]"
86,स्वपन दास गुप्ता,"स्वपन दासगुप्ता (जन्म 3 अक्टूबर 1955) एक भारतीय पत्रकार और संसद सदस्य हैं, जो राज्यसभा (राज्यों की परिषद, या भारत के संसद के उच्च सदन के लिए राष्ट्रपति पद के उम्मीदवार) हैं [1]अपने करियर के विभिन्न बिंदुओं पर, उन्होंने द स्टेट्समैन, द डेली टेलीग्राफ, द टाइम्स ऑफ इंडिया, द इंडियन एक्सप्रेस और इंडिया टुडे में संपादकीय पद संभाले हैं, जहां वह 2003 तक संपादक रहे। उन्होंने पायनियर, में अपनी रचनाएँ प्रकाशित की हैं। टेलीग्राफ, दैनिक जागरण, टाइम्स ऑफ इंडिया, द न्यू इंडियन एक्सप्रेस, आउटलुक, द फ्री प्रेस जर्नल और कई अन्य समाचार पत्र और पत्रिकाएं, और वर्तमान में विभिन्न प्रकाशनों के लिए एक स्वतंत्र लेखक हैं। पिछले एक दशक में, उन्होंने भारतीय टेलीविज़न पर सबसे अधिक बार दिखने वाले चेहरों में से एक होने का गौरव हासिल किया है। उन्हें अंग्रेजी इलेक्ट्रॉनिक मीडिया में चित्रित सभी प्रमुख राजनीतिक बहसों में देखा जाता है, और मणिशंकर अय्यर के साथ एनडीटीवी के साप्ताहिक खंड, ""राजनीतिक रूप से गलत"" पर दिखाई देने के लिए जाना जाता है। उन्हें 2015 में साहित्य और शिक्षा के क्षेत्र में पद्म भूषण से सम्मानित किया गया था[2] ब्रिटिश रूढ़िवादिता में एक आत्मविश्वासी विश्वास, उन्हें अक्सर भाजपा और उसकी राजनीति के समर्थक के रूप में देखा जाता है, हालांकि कई मौकों पर ऐसे स्टैंड लिए गए हैं जो पार्टी लाइन के विपरीत हैं [3] [4]दासगुप्ता को साहित्य और शिक्षा में उनके योगदान के लिए 2015 में पद्म भूषण (भारत का तीसरा सर्वोच्च नागरिक पुरस्कार) से सम्मानित किया गया था।[5]"
87,स्मृती कालरा,"स्मृती कालरा एक भारतीय अभिनेत्री हैं। 
स्मृती ने १२/२४ करोल बाग में ""सिमी"" का किरदार निभाया था। २०१२ में स्मृति कालरा ने ""सुव्रीन गुग्गल - टोपर ऑफ़ द ईयर"" में सुव्रीएँ का किरदार निभाया जिसने बहुत लोकप्रियता बटोरी। साथ ही में वर्ष २०१४ में स्मृति ने सोनी टीवी के शो ""इत्ती सी ख़ुशी"" में नेहा का किरदार निभाया। इस शो में नेहा ने प्रशंसित भूमिका निभाई एक ऐसी लड़की की जों २६ वर्ष की होते हुए भी मन और व्यवहार से १४ वर्ष की लगती थी। उन्होंने जिंग टीवी के शो ""प्यार तूने क्या किया"" में मेजबानी भी की। वह काफी विज्ञापनों में भी दिखाई दी साथ में एक लघु फिल्म (कप ऑफ़ टी"") का भी वह हिस्सा रही। [1]"
88,स्मृति ईरानी,"स्मृति मल्होत्रा (स्मृति मल्होत्रा, पंजाबी में ਸਮ੍ਰਿਤੀ ਜੁਬੀਨ ਇਰਾਨੀ ,जन्म: 23 मार्च 1976) एक भारतीय टेलीविज़न [[अभिनेत्री! अभिनेत्री होने से पहले ये विश्वासघात मित्र भी थी ईरानी जी ने जिस सहेली ने उन्हे बम्बई जैसे महगे शहर मे रहने के लिए अपना घर दिया उसी घर मे इनके द्वारा आग लगा कर उसके पति से रंगलिया मना कर उसे हमेशा के लिए मौत के घाट उतार दिया , महिला राजनीतिज्ञ और भारत सरकार के अंतर्गत कपड़ा मंत्री तथा महिला एवं बाल विकास मंत्री होने के बाद भी हाथरस मे हुई घटना पर चुप थी क्यों की उत्तरप्रदेश मे अब्बा जान की पोल खुल रही थी हैं[1][2] और इससे पूर्व वे मानव संसाधन विकास मंत्री रह चुकी हैं।[3][4][5]2019 में भारत के लोक सभा चुनाव में, स्मृति ईरानी ने अमेठी सीट जीतने के लिए राहुल गांधी - देश के प्रमुख विपक्षी नेता और भारतीय राष्ट्रीय कांग्रेस के अध्यक्ष को  पराजित किया[6]।स्मृति ईरानी 2019 की मंत्रिपरिषद में सबसे कम उम्र की मंत्री थीं, उन्होंने मई 2019 में 43 साल की उम्र में कैबिनेट मंत्री के रूप में शपथ ली थी[7]।"
90,स्पर्श श्रीवास्तव,"स्पर्श श्रीवास्तव एक भारतीय बाल अभिनेता हैं। यह चक धूम धूम, शेक इट अप, फेयर फ़ाइल, महाकुंभ - एक रहस्य, एक कहानी और बालिका वधू में कार्य कर चुके हैं।(संभवतः कई) अमान्य नाम[2]"
91,स्तोत्र,खण्डSama vedicYajur vedic
93,सौरव गांगुली,"सौरव चंडीदास गांगुली (/sʃuːrəv ɡɛnɡuːlj/ ; जन्म ०८ जुलाई १९७२), दादा नाम से ( बंगाली में ""बड़े भाई"") के रूप में जाने जाते हैं), जो पूर्व भारतीय क्रिकेट खिलाड़ी और भारतीय राष्ट्रीय टीम के कप्तान हैं। वर्तमान में, वो क्रिकेट एसोसिएशन ऑफ़ बंगाल के अध्यक्ष के रूप में नियुक्त है साथ ही विजडन इंडिया के साथ संपादकीय बोर्ड के अध्यक्ष भी है। अपने खेल करियर के दौरान, गांगुली ने खुद को दुनिया के अग्रणी बल्लेबाजों में से एक के रूप में दिखाया था और राष्ट्रीय क्रिकेट टीम के सबसे महान कप्तानों में से एक बने थे। यह बाएं हाथ से मध्य क्रम में बल्लेबाजी किया करते थे और एक अच्छे ओपनर बल्लेबाज भी रहे है।सौरव गांगुली इंडियन प्रीमियर लीग की संचालन परिषद के चार सदस्यों में से एक हैं, जो टूर्नामेंट के सभी कार्यों के लिए जिम्मेदारी निभाते हैं। उन्हें जनवरी २०१६ में सुप्रीम कोर्ट द्वारा नियुक्त किया गया था। वह इंडियन प्रीमियर लीग की तकनीकी समिति के भी सदस्य हैं।गांगुली को क्रिकेट की दुनिया में आगे लाने में उनके बड़े भाई स्नेहाशीष ने काफी मदद की थी। उन्हें आधुनिक समय में भारत के सबसे सफल कप्तानों में से एक माना जाता है, और अब तक के सबसे महान वनडे बल्लेबाजों में से एक है। उन्होंने राज्य और स्कूल की टीमों में खेलकर अपने करियर की शुरुआत की थी। सचिन तेंदुलकर के बाद वह एक दिवसीय अंतर्राष्ट्रीय (वनडे) में भारतीय टीम के दूसरे ऐसे खिलाड़ी बने थे जिन्होंने १० हजार से ज्यादा रन बनाये थे। २००२ में, विजडन क्रिकेटर्स अलमैनैक ने उन्हें विव रिचर्ड्स, सचिन तेंदुलकर, ब्रायन लारा, डीन जोन्स और माइकल बेवन के बाद छठे सबसे बड़े वनडे बल्लेबाज का दर्जा दिया।"
94,सौम्य सरकार,सौम्य सरकार (अंग्रेजी : Soumya Sarkar) (बंगाली : সৌম্য সরকার) का जन्म २५ फ़रवरी १९९३ सतखीरा में हुआ था। ये एक बांग्लादेशी  हिंदू हैं [1] बांग्लादेश क्रिकेट टीम के खिलाड़ी है जो बांग्लादेश के राष्ट्रीय स्तर पर खेलते हैं। [2]
95,सोहैल सेन,"सोहेल सेन  (जन्म 24 जून 1984) एक भारतीय फिल्म संगीतकार ,  और गायक हैं जो बॉलीवुड में काम करते हैं । उन्होंने हिंदी फिल्म सरफ (2008) के साथ एक फिल्म संगीतकार के रूप में शुरुआत की, जो प्रमुख रूप से अनजान रही।  बाद में, उन्होंने एक हिंदी फिल्म संगीतकार के रूप में ख्याति प्राप्त की, व्हाट्स योर राशी में उनके प्रशंसित काम के साथ ? (2009)।  उन्हें मेरे भाई की दुल्हन, एक था टाइगर और गुंडे के लोकप्रिय साउंडट्रैक की रचना करने के लिए भी जाना जाता है।सेन उन संगीतकारों के परिवार से आते हैं जिन्होंने फिल्म उद्योग में काम किया है और दुनिया की रचना करने वाली फिल्म में उनके प्रवेश ने ऐसा करने के लिए उनके परिवार की चौथी पीढ़ी को चिह्नित< किया। उनके पिता, समीर सेन (संगीत निर्देशक जोड़ी दिलीप सेन-समीर सेन) का उनके जीवन में हमेशा से ही गहरा प्रभाव रहा है, जैसा कि उनके दादा श्री शंभू सेन के गायन में था। सेन ने छह साल की उम्र में संगीत सीखना शुरू कर दिया था। उन्होंने एक बच्चे के रूप में तबला बजाना सीखा, और फिर पियानो और ताल और ताल वाद्य सहित विभिन्न संगीत वाद्ययंत्र सीखे। उन्होंने अपने दादा श्री शंभू सेन से शास्त्रीय 
संगीत सीखा। उन्होंने अपने करियर की शुरुआत तेरह साल की छोटी उम्र में एक संगीत निर्देशक के रूप में की, जब उन्होंने रोशनी नामक एक टेलीफिल्म के लिए संगीत तैयार किया और जिसके लिए प्रसिद्ध गायिका कविता कृष्णमूर्ति ने पार्श्वगायन किया। फिर उन्होंने फिल्म संगीतकार के रूप में अपने कौशल को ठीक करने के लिए नौ साल तक अपने पिता की सहायता करने का फैसला किया।[1]2008 में, सेन ने एक फिल्म संगीतकार के रूप में अपना करियर शुरू किया, हिंदी फिल्म सरफ के साथ, हालांकि, यह फिल्म 2006 में रिलीज होने वाली थी, लेकिन यह बुरी तरह से विलंबित हो गई और 2008 में रिलीज हुई और आखिरकार संगीत पर ध्यान नहीं गया। उन्होंने द मर्डरर (2009), के लिए संगीत भी तैयार किया, जिसमें देरी भी हुई और संगीत पर किसी का ध्यान नहीं गया। 2009 में, उन्हें एक फिल्म संगीतकार के रूप में अपने करियर में एक महत्वपूर्ण मोड़ मिला, जब निर्देशक आशुतोष गोवारिकर ने उन्हें अपनी फिल्म व्हाट्स योर राशी के लिए संपर्क किया। शुरुआत में वह चाहते थे कि उनके ऑल-टाइम पसंदीदा संगीतकार ए.आर.रहमान फिल्म के लिए रचना करें, लेकिन रहमान ऐसा नहीं कर सकते थे, क्योंकि वे डैनी बॉयल के स्लमडॉग मिलियनेयर के लिए रचना करना चाहते थे। इसलिए, उन्होंने किसी ऐसे व्यक्ति की तलाश शुरू कर दी, जो सक्षम हो और अपनी फिल्म के निर्माण में अपना पूरा समय दे सके। सेन हमेशा आशुतोष गोवारिकर के साथ काम करने के लिए उत्सुक थे और संयोग से उनके पिता समीर सेन उन्हें पहले से जानते थे और यह जानते हुए भी कि गोवारिकर अपनी फिल्म के लिए किसी की तलाश कर रहे थे, सेन ने अपने पिता से उनके साथ एक बैठक तय करने के लिए कहा। गोवारीकर के साथ उनकी पहली मुलाकात उनके कार्यालय में एक आकस्मिक थी, यह वह जगह थी जहां उन्होंने उनसे कहा कि वह उनकी कुछ रचनाओं को सुनना पसंद करेंगे। गोवारिकर तुरंत अगली सुबह अपने स्टूडियो जाने के लिए तैयार हो गए। अगले दिन, जब वह सेन के स्टूडियो में गए और उनकी कुछ धुनें सुनीं, तो उन्होंने वास्तव में वही सुना जो उन्होंने सुना और कुछ हफ्ते बाद, गोवारीकर ने सेन को फोन किया और कहा ""आप इस परियोजना के लिए हैं""। सेन के लिए, यह एक सपना सच हो गया था। [a] पहले तो सेन प्रस्ताव पाने से रोमांचित थे, लेकिन जब उन्हें बताया गया कि फिल्म में 13 गाने होंगे, प्रत्येक 12 राशियों के लिए एक गीत और फिर एक गीत जिसमें मुख्य नायक अंतिम विकल्प बनाता है, वह था एक ही एल्बम में 13 अलग-अलग गाने सुनने के लिए आजकल काफी दुर्लभ है, और फिर से, यह एक मुश्किल काम था, और फिर, यह एक विशेष राशि चक्र चिह्न के लिए 13 अलग-अलग गाने बनाने के लिए एक समान कठिन कार्य था, और फिर स्वाद को शामिल करना। उस अंतिम गीत में इन सभी 12 गानों में से सबसे कठिन काम था, हालांकि उन्होंने इसे एक चुनौती के रूप में लिया और संगीत पर काम करना शुरू कर दिया, जिसे बनाने में डेढ़ साल से अधिक समय लगा।"
96,सोहम स्वामी,"हिन्दू दर्शन पर एक श्रेणी का एक भागसांख्य · योग · न्याय · वैशेषिक · पूर्व मीमांसा · वेदांत (अद्वैत · विशिष्ट अद्वैत ·
द्वैत · अचिंत्य भेद अभेद)प्राचीन"
97,सोमेश्वर चौहान,"सोमेश्वर चौहान अजमेर के स्वामी अर्णोराज चौहान का कनिष्ठ पुत्र[1] थें । वह सम्राट पृथ्वीराज चौहान के पिता थे | अपने पिता की मृत्यु के बाद उन्होंने अपने जीवन का कुछ भाग चौलुक्य राजा कुमारपाल के दरबार में व्यतीत किया। उस नाना सिद्धराज जयसिंह के समय गुजरात में ही उसका जन्म हुआ था और वहीं पर राजकुमारी कर्पूरीदेवी से उसका विवाह हुआ। जब कुमारपाल ने कोंकण देश के स्वामी मल्लिकार्जुन पर आक्रमण किया, तो सोमेश्वर ने शत्रु के हाथी पर कूदकर उसका वध किया था ।उधर अजमेर में एक के बाद दूसरे राजा की मृत्यु हुई। अपने पिता अर्णोराज की हत्या करनेवाले जगद्देव को बीसलदेव ने हराया। बीसलदेव की मृत्यु के बाद उसके पुत्र को हटाकर जगद्देव का पुत्र गद्दी पर बैठा किंतु दो वर्षों के अंदर ही सिंहासन फिर शून्य हो गया और चौहान सामंत और मंत्रियों ने गुजरात से लाकर सोमेश्वर को गद्दी पर बैठाया। सोमेश्वर ने लगभग आठ वर्ष (वि. सं. 1226-1234) तक राज्य किया।सोमेश्वर का राज्य प्राय: सुख और शांति का था। उसने अर्णोराज के नाम से एक नगर बसाया और अनेक मंदिर बनवाए जिनमें से एक भगवान्‌ त्रिपुरुष देव का और दूसरा वैद्यनाथ देव का था। ब्राह्मण और अब्राह्मणों सभी संप्रदायों को उसकी संरक्षा प्राप्त थी। सोमेश्वरीय द्रम्मों का प्रचलन भी इसके राज्य के ऐश्वर्य को द्योतित करता है।"
98,सोमाभाई पटेल,"सोमाभाई गांडाभाई पटेल भारत में गुजरात राज्य के सुरेंद्रनगर लोकसभा क्षेत्र से सांसद हैं। इनका जन्म अहमदाबाद जिले के वीरमगाम शहर में एक कोली परिवार में हुआ था। पटेल भारत की 15 वीं लोकसभा के सदस्य हैं। पटेल को 1977-78 मे एमरजेंसी के दौरान इन्हें गिरफ्तार कर लिया गया था।[1]पार्कोटा नियर रजिनदिल बिसनगांव, जिला अहमदाबाद (गुजरात)सोमाभाई पटेल को पहली बार विधायक का टिकट भारतीय जनता पार्टी तरफ़ से १९८५ में मिला था उस समय पटेल का बहुत बड़ा किरदार रहा था। पटेल ने कांग्रेस की रीढ़ की हड्डी मानी जाने वाली कोली जाति को भारतीय जनता पार्टी की तरफ़ कर दिया था साथ ही अन्य ओवीसी जातियों को भी भारतीय जनता पार्टी की तरफ़ कर दिया था जिसके कारण कांग्रेस की खाम नीति व्यर्थ हो गई थी।[2]"
99,सोनू निगम,"सोनू निगम (जन्म: ३० जुलाई १९७३, फरीदाबाद, हरियाणा, भारत) हिन्दी फिल्मों के एक प्रसिद्ध गायक हैँ। वे हिन्दी के अलावा कन्नड़, उड़िया, तमिल, असमिया, पंजाबी, बंगाली, मराठी और गंगा-जमुनामाता मंदिर अर्जुनी मोरगाव फ़िल्मों में भी गा चुके हैं। इन्होने बहुत से इन्डि-पॉप एलबम बनाए हैं और कुछ हिंदी फिल्मों में काम किया है।राज्य महामार्ग २७५ (महाराष्ट्र)|[1]सोनू निगम चार साल की उम्र से गाते आ रहे हैं। उन्होंने सबसे पहले अपने पिताजी के साथ मंच पर मोहम्मद रफ़ी का गीत 'क्या हुआ तेरा वादा' गाया था। तभी से शादियों और पार्टियों में वे अपने पिताजी के साथ गाने लगे। कुछ और बड़े होने पर वे संगीत प्रतियोगिताओं में भाग लेने लगे। १९ वर्ष कि आयु में गायन को अपना व्यवसाय बनाने के लिए वे अपने पिताजी के साथ मुम्बई आ गए। उन्होंने शास्त्रीय गायक उस्ताद ग़ुलाम मुस्तफ़ा ख़ान से शिक्षा ली।[1]शुरु के कुछ साल सोनू को अपना नाम बनाने के लिए संघर्ष करना पड़ा। उन्होंने मुख्य रूप से टी-सीरीज़ की रफ़ी की यादें नामक एल्बमों के लिए मोहम्मद रफ़ी के गाने गाना शुरु किया। टी-सीरीज़ के मालिक गुलशन कुमार ने उन्हें ज़्यादा लोगों तक पहुँचने का अवसर दिया। पार्श्व गायक के रूप में सोनू ने अपना पहला गीत फ़िल्म 'जनम' के लिए गाया, जो कि कभी औपचारिक तौर पर रिलीज़ नहीं हुआ। तभी उन्होंने रेडियो पर विज्ञापन बनाना शुरु किया। उनको बड़ी सफलता तब मिली जब उनका गाया हुआ गाना ""अच्छा सिला दिया तुने मेरे प्यार का"" १ जनवरी १९९३ मे रिलीज हुआ [2] । फिर १९९५ में टी सिरीज ने 'बेवफा सनम' फिल्म मे ये गाना अनुराधा पौडवाल के साथ फिर से रिलीज किया । बाद मे १९९५ में ज़ी टी. वी. के प्रसिद्ध कार्यक्रम सा रे गा मा  का उन्होंने संचालन शुरु किया।[1] कुछ ही दिनों में यह कार्यक्रम बहुत प्रचलित हो गया। उनकी अगली सफलता १९९७ में 'बॉर्डर' फ़िल्म के गीत 'संदेसे आते हैं' के रूप में आई। १९९९ में उनकी पहली सोलो एल्बम 'दीवाना' आई, जिसमें उन्होंने प्रेम-गीतों में अपना जौहर दिखाया और आज भी यह एल्बम भारत की सबसे सफल एल्बमों में से एक है। मोहम्मद रफ़ी की परछाईं कहलाना उन्होंने तब छोड़ दिया जब उसी साल उन्होंने नदीम-श्रवण द्वारा संगीत-निर्देशित 'परदेस' फ़िल्म का गीत 'यह दिल दीवाना' गाया। तब से, उन्होंने अपनी अलग पहचान बनाई है और आने वाली पीढ़ियों के लिए मिसाल बन गए हैं।
तब से अब तक, सोनू भारतीय संगीत जगत में एक प्रमुख हस्ती बन चुके हैं। उन्होंने कई फ़िल्मों में पार्श्वगायन किया है और कई पुरस्कार भी जीते हैं। हर तरह के गीत गाने के साथ-साथ उन्होंने अनेक भाषाओं में गाने गाए हैं, जैसे कि कन्नडा, आसामीज़, बंगाली, उड़िया, पंजाबी, तमिल, तेलगु, अंग्रेज़ी, भोजपुरी, उर्दू, नेपाली, छत्तीसगढ़ी, मलयालम और मराठी।"
100,सोनाली बेंद्रे,"सोनाली बेंद्रे (जन्म: 1 जनवरी, 1975) हिन्दी फ़िल्मों की एक अभिनेत्री हैं।सोनाली के पति का नाम गोल्डी बहल  है। २०१८ जुलाई में मीडिया में खबरें आई कि बेंद्रे कैंसर से जूझ रही हैं, और न्यूयॉर्क में इलाज करा रही है।[1]2 राष्ट्रीय पुरस्कार, पद्मश्री पद्म भूषण"
101,सोनल शाह,सोनल शाह (२० मई सन १९६८ को मुम्बई में जन्मीं) भारतीय मूल की एक अमेरिकी ख्यातनाम अर्थशास्त्री हैं। वह गूगल की वैश्विक विकास टोली में काम करतीं हैं किन्तु अभी हाल ही में (नवम्बर २००८) उन्हें अमेरिका के निर्वाचित राष्ट्रपति बराक ओबामा की ट्रांजिशन (संक्रमण) टीम का सदस्य नियुक्त किया गया है। चालीस वर्षीया सोनल शाह उस टीम की सदस्य हैं जिसमें प्राइवेट और सार्वजनिक क्षेत्र के अनुभवी लोगों का समावेश है। ये सदस्य ओबामा की ट्रांजिशन टीम को अलग अलग दायरों में अपनी विशेषज्ञता का लाभ उपलब्ध कराएँगे।
102,सोनम कपूर,"सोनम कपूर आहूजा(née कपूर; जन्म 9 जून 1985) जिनका जन्म भारत में महाराष्ट्र राज्य के मुंबई शहर में 9 जून 1985 को हुआ था, भारतीय अभिनेत्री हैं जो बॉलीवुड की फिल्मों में दिखाई देती हैं।[2]सोनम कपूर, अनिल कपूर और सुनीता कपूर की बेटी, एवं फिल्म निर्माता सुरिन्द्र कपूर की पोती हैं। वह निर्माता बोनी कपूर, अभिनेता संजय कपूर और संदीप मारवाह की भतीजी हैं। सोनम कपूर तीनों बच्चों में सबसे बड़ी हैं, अन्य बहन हृया और भाई हर्षवर्धन हैं।उसने यूनिर्वसिटी ऑफ़ ईस्ट लंडन में अध्ययन किया और फिर यूनाईटेड वर्ल्ड कॉलेज ऑफ़ साउथ ईस्ट एशिया में इंटरनेशनल बैकालौरेट (अंतर्राष्ट्रीय स्नातक की डिग्री) पाने के लिये दाखिला लिया। कपूर ने बाद में मुंबई विश्वविद्यालय से राजनीतिक विज्ञान और अर्थशास्त्र के साथ स्नातक की उपाधि प्राप्त की। वह अंग्रेजी, हिन्दी और पंजाबी भाषा में सुवक्ता हैं। उन्होंने भारतीय शास्त्रीय और लैटिन नृत्यों में प्रशिक्षण प्राप्त किया है।"
103,एस॰ आर॰ नाथन,सेल्लपन रामनाथन् (3 जुलाई 1924 - 22 अगस्त 2016) छट्ठे भारतीय मूल के सिंगापुर के राष्ट्रपति थे। वे वर्ष 1999 से 2011 तक सिंगापुर के राष्ट्रपति रहे। उन्हें वर्ष 2012 में भारत सरकार द्वारा प्रवासी भारतीय सम्मान से सम्मानित किया गया था।[1]
104,सेन राजवंश,"सेन राजवंश भारत का एक राजवंश का नाम था, जिसने १२वीं शताब्दी के मध्य से बंगाल पर अपना प्रभुत्व स्थापित कर लिया। सेन राजवंश ने बंगाल पर १६० वर्ष राज किया। अपने चरमोत्कर्ष के समय भारतीय महाद्वीप का पूर्वोत्तर क्षेत्र इस साम्राज्य के अन्तर्गत आता था। इस वंश का मूलस्थान कर्णाटक था।[3]  इस काल में कई मन्दिर बने। धारणा है कि बल्लाल सेन ने ढाकेश्वरी मन्दिर बनवाया। कवि जयदेव (गीतगोविन्द का रचयिता) लक्ष्मण सेन के पञ्चरत्न थे।सेन राजवंश भारतीय उपमहाद्वीप में एक प्रारंभिक मध्ययुगीन हिंदू राजवंश था, जिसने  वीं और 12वीं शताब्दी से बंगाल पर सेना साम्राज्य के रूप में शासन किया था।  बल्लाल सेन द्वारा लिखित पुस्तक के अनुसार, सेन वंश का पतन 900वीं शताब्दी से पहले का है। बंगाल के पाल राजाओं के साथ प्रतिस्पर्धा करने के लिए, उन्होंने एक बार पाल राजाओं को हराकर पाल साम्राज्य की स्थापना की थी।  सेन राजाओं का एक महत्वपूर्ण पहलू यह था कि वे राजनीतिक, धार्मिक और सामाजिक शासन स्थापित करने में सक्षम थे।असमुद्र हिमाचल सेन साम्राज्य, जो बंगाल से शासन करता था, बंगाल की खाड़ी की सहायक नदियों से उत्तर भारत (कनौज) तक फैला हुआ था। . सेन राजाओं का मूल निवास राजाभूम के मूल कर्णसुवर्ण में था।  सेन जाति हैं लेकिन लक्ष्मण सेन के ताम्रसन के अनुसार बल्लाल सेन की पुस्तक क्षत्रियाचार्य ब्राह्मण और राज्यधर्मासराय ब्राह्मण (अर्थात् दोनों एक ही) में शिलालेखों में वर्णित सैन राजवंश के रूप में राज्यधर्म / क्षत्रियवृत्ति का अभ्यास करने के लिए।  राजशाही में मिले विजया सेन काल के देवपरा प्रस्थी में उमापतिधर के पद्य में ब्रह्मक्षत्रिय ।सेन जाति का वर्णन करने में विद्वानों के बीच यह शब्द अधिक लोकप्रिय है। प्राचीन बंगाल के इतिहास में एक बहुत ही महत्वपूर्ण अध्याय ग्यारहवीं शताब्दी के अंत में पाल वंश की अराजकता का लाभ उठाते हुए सेना का उदय है। बंगाल के पाल वंश के राजा महिपाल द्वितीय के शासनकाल के दौरान, सेन राजवंश के संस्थापक विजया सेन ने बरेंद्र 'सामंथचक्र' के विद्रोह का फायदा उठाते हुए धीरे-धीरे पश्चिम बंगाल में अपने प्रभुत्व का विस्तार किया, और अंत में राजा के शासनकाल के दौरान बंगाल के पाल राजवंश के मदनपाल ने एक स्वतंत्र इकाई विकसित की और सेन-ब्राह्मणिक सेन साम्राज्य का विस्तार किया  । भारत के इतिहास में बंगाल के सेन राजाओं में बीर सेन, सामंत सेन, हेमंत सेन, विजय सेन , सुख सेन, बल्लाल सेन और लक्ष्मण सेन हैं।एक प्रमुख पद पर कब्जा करते हुए विश्वरूप सेन - वह बंगाल के एक सेन परिवार नरपति बल्लाल सेन के पोते हैं। लक्ष्मण सेन, तंदरादेवी या तारादेवी की पत्नियों में से एक ने विश्वरूप सेन और केशव सेन नाम के दो पुत्रों को जन्म दिया। लक्ष्मण सेन के निधन के बाद, उनके पुत्र माधव सेन बंगाल के पहले राजा बने। फिर उनके भाई केशव सेन और विश्वरूप सेनएक के बाद एक बंगाल के राजा बनते गए और इस अवधि के दौरान राजकुमारों ने राज्यों की जिम्मेदारियों को साझा किया। माधव सेन ने बंगाल के राज्य को अपने भाई केशव सेन को सौंप दिया और हिमालयी राज्य के लिए आगे बढ़े और वहां राज्य का विस्तार किया। अल्मोड़ा, उत्तराखंड के कोटेश्वर मंदिर गात्रा शिलालेख में, माधव सेन के करतब को दूरस्थ हिमालय के प्रशासन को संभालने के रूप में वर्णित किया गया है राज्य (वर्तमान उत्तर प्रदेश, हिमाचल प्रदेश और नेपाल) धर्म की रक्षा के लिए और अपने साथ कई रईसों और विद्वानों को ले गया।  लक्ष्मण सेन के बाद भी,  सेन राजाओं का शासन छोटा नहीं था, जैसा कि बंगाल सरकार द्वारा एकत्र की गई एक प्राचीन संस्कृत पांडुलिपि में वर्णित है, परम भट्टारक महाराजाधिराज परम सौगत ""मधुसेन"" ने 1194 सीई (1272 ईस्वी) में विक्रमपुर पर शासन किया था। , उसने कई बार तुर्कों को हराया। इसके अलावा सुर सेन / सूर्य सेन, नारायण सेन, लक्षन सेन II, बल्लाल सेन II, दामोदर सेन इस राजवंश के राजाओं के रूप में।  नाम मिला। हालांकि सेन साम्राज्य के पतन के बारे में जाना जाता है, लेकिन सेन राजवंश के पतन के बारे में पता नहीं है क्योंकि उन्होंने भारत के विभिन्न हिस्सों (विशेषकर उत्तर भारत, हिमाचल, नेपाल  ) पर शासन करना जारी रखा।  पिछले दो सेना राज्य (वर्तमान हिमाचल प्रदेश में स्थित) 1947 में भारत गणराज्य में शामिल हुए, उक्त राज्यों के राजाओं ने अपनी वंशावली को बंगाल से सेन वंश के पूर्वजों के रूप में राजपत्रित किया।इस वंश के राजा, जो अपने को कर्णाट क्षत्रिय, ब्रह्म क्षत्रिय और क्षत्रिय मानते हैं, अपनी उत्पत्ति पौराणिक  चक्रवर्ती सम्राट महापद्मनंद  नंद वंश से मानते हैं, जो दक्षिणापथ या दक्षिण के शासक माने जाते हैं। ९वीं, १०वीं और ११वीं शताब्दी में मैसूर राज्य के धारवाड़ जिले में कुछ जैन उपदेशक रहते थे, जो सेन वंश से संबंधित थे। यह निश्चित रूप से नहीं कहा जा सकता कि बंगाल के सेन का इन जैन उपदेशकों के परिवार से कई संबंध था। फिर भी इस बात पर विश्वास करने के लिए समुचित प्रमाण है कि बंगाल के सेन का मूल वासस्थान दक्षिण था।[कृपया उद्धरण जोड़ें] देवपाल के समय से पाल सम्राटों ने विदेशी साहसी वीरों को अधिकारी पदों पर नियुक्त किया। उनमें से कुछ कर्णाटक देश से संबंध रखते थे। कालांतर में ये अधिकारी, जो दक्षिण से आए थे, शासक बन गए और स्वयं को राजपुत्र कहने लगे।"
105,सीमान (राजनेता),"सेंथमीलन सीमान (जन्म 8 नवंबर 1966) [3] [4] [5] [6] एक भारतीय नेता, फिल्म निर्माता, है तमिल राष्ट्रवादी विचारक और राजनीतिक दल के मुख्य समन्वयक नाम तमिलर पार्टी में तमिलनाडु । वह तमिलों के लिए वोट बैंक के निर्माण का हिमायती है। [7]सीमैन 1990 के मध्य में एक फिल्म निर्माता के रूप में अपना कैरियर शुरू किया, इस तरह के रूप में फिल्मों पर काम कर पंचालंकुरुचि (1996) और वीरनादई (2000)। उनकी शुरुआती फिल्मों की विफलता ने उन्हें निर्देशक के रूप में प्रस्ताव आकर्षित करना मुश्किल बना दिया और 1990 के दशक के अंत में उनकी कई प्रस्तावित परियोजनाएं ठप हो गईं। बाद में उन्होंने सफल विघ्नहर्ता फिल्म थम्बी (2006) के माध्यम से वापसी की, हालांकि उनकी अगली फिल्म की व्यावसायिक विफलता, सेमन को 2000 के दशक के अंत में सहायक अभिनेता के रूप में प्रतिबद्धताओं को प्राथमिकता देने के लिए प्रेरित किया।2010 की शुरुआत में, सेमैन ने एक तमिल राष्ट्रवादी राजनीतिक पार्टी शुरू की, और तब से अक्सर सामाजिक मुद्दों पर अपने विवादास्पद बयानों के लिए चर्चा में रहा है। [3] [4] [5]"
106,सेतु लक्ष्मी बाई,सेतु लक्ष्मी बाई (१८९५-१९८५) त्रावणकोर की महारानी थीं। १९२४ से लेकर १९३१ तक उन्होने शासन किया।
107,सूर्यवर्मन द्वितीय,राजा सूर्यवर्मन् २ ख्मेर साम्राज्य का सम्राट था। इसने १११३ से ११५० तक राज किया।
108,सूर्यबहादुर थापा,"सूर्यबहादुर थापा (21 मार्च 1928 - 15 अप्रैल 2015) नेपाल के एक राजनेता तथा प्रधानमंत्री थे। वे 1966 से लेकर पाँच बार नेपाल के प्रधानमंत्री रहे।[1] पंचायत प्रणाली में वे प्रथम प्रधानमंत्री रहे। उनका कार्यकाल 1963-64, 1965–69, 1979–83, 1997–98 और 2003-04 रहा।थापा राष्ट्रीय जनशक्ति पार्टी के अध्यक्ष थे। वे इलाहाबाद विश्वविद्यालय के पूर्व विद्यार्थी थे।[2]दामोदर पाण्डे ·  रणबहादुर शाह ·  भीमसेन थापा ·  राणा जंग पाण्डे ·  रंग नाथ पौडयाल ·  पुष्कर शाह ·  चौतरिया फत्तेजंग शाह ·  माथवरसिंह थापा ·   जंगबहादुर राणा ·  बमबहादुर कुंवर राणा ·  कृष्ण बहादुर कुंवर राणा ·  जंगबहादुर ·  रणोद्दिप सिँह बहादुर राणा ·  वीर सम्शेर जङ्गबहादुर राणा ·  देव सम्शेर जङ्गबहादुर राणा ·  चन्द्र सम्शेर जङ्गबहादुर राणा ·  भीम सम्शेर जङ्गबहादुर राणा ·  जुद्ध सम्शेर जङ्गबहादुर राणा ·  पद्म सम्शेर जङ्गबहादुर राणा ·  मोहन सम्शेर जङ्गबहादुर राणा ·  मातृकाप्रसाद कोइराला ·  टंकप्रसाद आचार्य ·  कुँवर इन्द्रजित सिंह ·  सुवर्ण सम्शेर राणा ·  विश्वेश्वर प्रसाद कोइराला ·  तुलसी गिरी ·  सूर्यबहादुर थापा ·  कीर्ती निधि बिष्ट ·  नगेन्द्रप्रसाद रिजाल ·  लोकेन्द्र बहादुर चन्द ·  नगेन्द्रप्रसाद रिजाल ·  मरिचमान सिंह श्रेष्ठ ·  कृष्णप्रसाद भट्टराई ·  गिरिजा प्रसाद कोइराला ·  मन मोहन अधिकारी ·  शेर बहादुर देउबा ·  पुष्पकमल दहल (प्रचण्ड) ·  माधव कुमार नेपाल ·  झलनाथ खनाल  •  बाबुराम भट्टराई  •  खिलराज रेग्मी •  सुशील कोइराला •  खड्ग प्रसाद शर्मा ओली"
109,सूरदास,"सूरदास हिन्दी के भक्तिकाल के महान कवि थे। हिन्दी साहित्य में भगवान श्रीकृष्ण के अनन्य उपासक और ब्रजभाषा के श्रेष्ठ कवि महात्मा सूरदास हिंदी साहित्य के सूर्य माने जाते हैं। सूरदास जन्म से अंधे थे या नहीं, इस संबंध में विद्वानों में मतभेद है।
[1]
[[File:Git govind large.jpg|thumb|श्री कृष्ण औरो और श्री महाकवि सूरदासमहाकवि श्री सूरदास का जन्म 1478 ई में रुनकता क्षेत्र में हुआ। यह गाँव मथुरा-आगरा मार्ग के किनारे स्थित है। कुछ विद्वानों का मत है कि सूरदास का जन्म दिल्ली के पास सीही [2] नामक स्थान पर एक निर्धन सारस्वत ब्राह्मण परिवार में हुआ था। वह बहुत विद्वान थे, उनकी लोग आज भी चर्चा करते हैं। वे मथुरा के बीच गऊघाट पर आकर रहने लगे थे। सूरदास के पिता, रामदास बैरागी[3] प्रसिद्ध गायक थे। सूरदास के जन्मांध होने के विषय में अनेक भ्रान्तिया है, प्रारंभ  में सूरदास आगरा के समीप गऊघाट पर रहते थे। वहीं उनकी भेंट श्री वल्लभाचार्य से हुई और वे उनके शिष्य बन गए। वल्लभाचार्य ने उनको पुष्टिमार्ग में दीक्षित कर के कृष्णलीला के पद गाने का आदेश दिया। सूरदास की मृत्यु गोवर्धन के निकट पारसौली ग्राम में 1583 ईस्वी में हुई [4]सूरदास की जन्मतिथि एवं जन्मस्थान के विषय में विद्वानों में मतभेद है। ""साहित्य लहरी' सूर की लिखी रचना मानी जाती है। इसमें साहित्य लहरी के रचना-काल के सम्बन्ध में निम्न पद मिलता है -"
110,सूरजरत्न रामबचन,सूरजरत्न रामबचन चगवानस के मेयर हैं।
111,सूरज मल,"महाराजा सूरजमल या सूजान सिंह (13 फरवरी 1707 – 25 दिसम्बर 1763) राजस्थान के भरतपुर के हिन्दू जाट राजा थे। उनका शासन जिन क्षेत्रों में था वे वर्तमान समय में भारत की राजधानी दिल्ली, उत्तर प्रदेश के आगरा, अलीगढ़, बुलन्दशहर, ग़ाज़ियाबाद, फ़िरोज़ाबाद, इटावा, हाथरस, एटा, मैनपुरी, मथुरा, मेरठ जिले; राजस्थान के भरतपुर, धौलपुर, अलवर, जिले; हरियाणा का गुरुग्राम, रोहतक, झज्जर, फरीदाबाद, रेवाड़ी, मेवात  जिलों के अन्तर्गत हैं। राजा सूरज मल में वीरता, धीरता, गम्भीरता, उदारता, सतर्कता, दूरदर्शिता, सूझबूझ, चातुर्य और राजमर्मज्ञता का सुखद संगम सुशोभित था। मेल-मिलाप और सह-अस्तित्व तथा समावेशी सोच को आत्मसात करने वाली भारतीयता के वे सच्चे प्रतीक थे। राजा सूरज मल के समकालीन एक इतिहासकार ने उन्हें 'जाटों का प्लेटों' कहा है। इसी तरह एक आधुनिक इतिहासकार ने उनकी स्प्ष्ट दृष्टि और बुद्धिमत्ता को देखने हुए उनकी तुलना ओडिसस से की है।[1]सूरज मल के नेतृत्व में जाटों ने आगरा नगर की रक्षा करने वाली मुगल सेना (गैरिज़न) पर अधिकार कर कर लिया। २५ दिसम्बर १७६३ ई में दिल्ली के शाहदरा में मुगल सेना द्वारा घात लगाकर किए गए एक हमले में सूरजमल की मृत्यु हो गयी। उनकी मृत्यु के समय उनके अपने किलों पर तैनात सैनिकों के अलावा, उनके पास 25,000 पैदल सेना और 15,000 घुड़सवारों की सेना थी।[2]भरतपुर जहां स्थित है, वह इलाका सोघरिया जाट सरदार रुस्तम के अधिकार में था। यहां पर सन 1733 में भरतपुर नगर की नींव डाली गई। सन 1732 में बदनसिंह ने अपने 25 वर्षीय पुत्र सूरजमल को डीग के दक्षिण-पश्चिम में स्थित सोघर गांव के सोघरियों पर आक्रमण करने के लिए भेजा। सूरजमल ने सोघर को जीत लिया। वहाँ राजधानी बनाने के लिए किले का निर्माण शुरू कर दिया। भरतपुर में स्थित यह किला लोहागढ़ किला ( Iron fort ) के नाम से जाना जाता है। यह देश का एकमात्र किला है, जो विभिन्न आक्रमणों के बावजूद हमेशा अजेय व अभेद्य रहा। बदन सिंह और सूरजमल यहां सन 1753 में आकर रहने लगे।[कृपया उद्धरण जोड़ें]"
112,सूर सिंह,"सवाई राजा सूर सिंह राठौड़ या सूरज मल (24 अप्रैल 1571 - 7 सितंबर 1619), मारवाड़ साम्राज्य के राजा थे (11 जुलाई 1595 - 7 सितंबर 1619) तक शासन किया। उनकी बहन सम्राट जहाँगीर की दूसरी पत्नी और शाहजहाँ की माँ थी।[1]वह अपने पिता की मृत्यु पर 11 जुलाई 1595 उत्तराधिकार के रूप में गद्दी पर बैठे थे। उन्होंने गुजरात की विजय में शहजादे मुराद और दनियाल मिर्जा की सहायता की और अकबर के लिए दक्कन को अपनी कई सेवाओं की मान्यता में सवाई राजा का वंशानुगत उपाधि प्राप्त की। 7 सितंबर 1619 को दक्कन के महाईकट में सक्रिय सेवा के दौरान उनकी मृत्यु हो गई।"
113,सूफी अंबा प्रसाद भटनागर,"सूफ़ी अंबा प्रसाद भटनागर (१८५८ - २१ जनवरी, १९१७) भारतीय स्वतंत्रता संग्राम के एक महान क्रांतिकारी थे। इनका जन्म १८५८ में मुरादाबाद, उत्तर प्रदेश में हुआ था। इनके जन्म से ही दायां हाथ नहीं था। इन्होंने १९०९ में पंजाब से 'पेशवा' अखबार निकाला। बाद में अंग्रेज़ों से बचने हेतु नाम बदल कर सूफ़ी मुहम्मद हुसैन रखा। इस कारण ये सूफ़ी अंबा प्रसाद भटनागर के नाम से प्रसिद्ध हुए। इन्हें १८९७ और फिर १९०७ में दूसरी बार फांसी की सजा ब्रिटिश सरकार ने सुनायी थी। इससे बचने के लिए ये नाम बदल कर ईरान भाग गये। वहां ये गदर पार्टी के अग्रणी नेता भी रहे।[1] इनका मकबरा ईरान के शीराज़ शहर में स्थित है।[2]क्रान्तिकारी सेनानियों में सूफ़ी जी का स्थान अत्यधिकमहत्वपूर्ण है। वे आजीवन स्वतंत्रता के लिए ही साधना करते रहे। उन्होंने जेलों की कोठरियों में कठोर से कठोर यातनायें भी सहन कीं। अन्त में उन्हेंदेश की स्वतंत्रता के लिए ही ईरान जाना पड़ा। ईरान में ही उन्होंने अंग्रेजों से लड़ते हुए अपनी सांसें तोड़ दी। सुनते हैं, आज भी ईरान में उनकी समाधि विद्यमान है।सूफ़ी जी का जन्म १८५८ ई. में मुरादाबाद में हुआ था। जन्म के समय ही उनका एक हाथ कटा हुआ था। बड़े होने पर जब उनसे किसी ने पूछाकि, आपका एक हाथ कटा हुआ क्यों है, तो उन्होंने उत्तर दिया १८५७ ई. की स्वतंत्रता की लड़ाई में मैंने अंग्रेजों से युद्ध किया था। उसी युद्ध में हमारा हाथ कट गया था। मेरा पुनर्जन्म हुआ, पर हाथ ठीक नहीं हुआ। सूफ़ी जी ने सर्वोच्च शिक्षा प्राप्त की थी। वे बड़े अच्छे लेखक थे। वे उर्दू में एक पत्र निकालते थे। उन्होंने दो बार अंग्रेजों के विरूद्ध बड़े कड़े लेख लिखे, फलस्वरूप उन पर दो बार मुकदमा चलाया गया। प्रथम बार उन्हें ४ मास की और द्वितीय बार ९ वर्ष की कठोर सजा दी गई थी। उनकीसारी सम्पत्ति भी जप्त कर ली गई थी। सूफ़ी जी कारागार से लौटने पर हैदराबाद चले गए। कुछ दिनों तकहैदराबाद में रहे, फिर लाहौर चले गये। लाहौर में सरदार अजीत-सिंह की संस्था, भारत माता सोसायटी में काम करने लगे। इन्हीं दिनों उन्होंने एक पुस्तक लिखी, जिसका नाम विद्रोही ईसा था। उनकी यह पुस्तक बड़ी आपत्तिजनक समझी गई। फलस्वरूप अंग्रेज सरकार उन्हें गिरफ्तार करनेका प्रयत्न करने लगी। सूफ़ी जी गिरफ्तारी से बचने के लिए नैपाल चले गए, पर नैपालमें पकड़ लिए गए और भारत लाये गए। लाहौर में उन पर राजद्रोह का मुकदमा चलाया गया, पर कोई प्रमाण न मिलने के कारण उन्हें छोड़ दिया गया।"
114,सुहित,"मजापहित साम्राज्य, इंडोनेशिया का सम्राट।"
